id,geom
e9776de5-098c-4c84-8e04-9646e8cfc99c,0105000000010000000102000000100000001FEF3EA0AD8758400A2E3B2064883340ED440380E38658406262F3DF31893340B4D0B4DF1F86584070C7999F2C8C3340BA7BFCDFA5855840ADC33AC1328D33403A709D7F7C85584016AF14A1179033406715EC7FC285584060C634209C923340BFB7E0DF6385584044F3EFFF8F933340C029004088855840821B6CDF8E9433409CA4D4FF48855840DCEA5121A1943340AAE4CC9FF6845840AF1A60FFD2953340B62109E0478458400A53B43F729A33405A29B65F398458406AF59240339B3340073209001E845840C8F1C880929C334031F318401B84584080F43AFF199E33402E7E3D809A835840F4AA31BF2BA033406F88AA5FF982584088AA6FBFBEA23340
c7d61c88-856a-46db-a9cd-27c0c9d951cd,010500000001000000010200000013000000AF49E25FB27C5840CE63A73F54963340A2EDDA9FED7C5840341F0AE16E953340085C6120107D58406BAA5D81049433402470AABFFF7C58409EEEB0FF9A933340179F15201A7D5840193092FFA9913340784645809F7D584072CB3520FE8F334071984120BD7D58408CB3EA40748D3340A82AE6FF9F7D58402B1C877ED08C3340E081FE1F587D58407B873B413C8B3340CCB1A63F477D584070A312E0D38933407E85E5DFB97D58401023380165843340298C55A0D67D58404F9993C0AE803340F7E240E0007E584022793F218F7F3340D6254540F37D58406D958C5E367D3340AFBD01A05F7E58401DAB7320037A33403140D1BF717E5840A60C14A1D8783340E44A55207E7E5840FB553C6110783340C7732D40217E584054D5ACC0AB7133407F88A13F167E5840425FD65EF76D3340
6ca127c6-4dea-4193-86a3-e63e0acaaf60,010500000001000000010200000011000000AEF846200B81584036F94D414EA033408256B47F218158405F32CA5EA699334094CD3FC0C8805840AF60EBE07D93334028CA5680DE8058408E58EF5E5F913340CAEA56C08A8058400C3D52DF528C33403ABBC0FF6A805840C39798FF71873340F058C43F77805840A11EDA8026833340AA114C006680584085BDFBFFBD813340D7BBEB5F708058407A43E53F59803340F1CAE39F9B805840458EBC5F707A3340CF9BC89F6980584070AA747EBE77334045A05700478058405426B3E0736F3340D80E4040218058402B1AA3BE656D3340B9E39C1F1F7F5840FA3246DF086D334049D85840B47E58404CFE17812B6D334043BA1860757E58408CDDE13E026E33407F88A13F167E5840425FD65EF76D3340
a1dfc3f2-9caf-4d7e-b7a4-6b4f1519f27b,0105000000010000000102000000050000005EA7E9DF708A5840E004B81FA95D3340311EAAFF418A584000D97180095E334038A94D00C08858400D1DB8C028613340BFBDC37F3D885840CA92051FA861334098DFCB9F948758401EB3796164633340
5a430f5a-e010-4fb2-8d09-c963684deab9,010500000001000000010200000009000000D25D15A0C17D5840D0B4816018593340F21755E0727D5840280A9A9FC1593340B2A01900B47D5840313235FF095C33409074BA5FDE7D5840F418D0DEF95E3340BC164D00C87D58401621CC6018613340EF4F2540417D5840A0D66ADF106633403295BA9F8A7D5840FBEA37605768334037EB18C0F77D5840B1B113BF806A33407F88A13F167E5840425FD65EF76D3340
0134ee8c-9ce8-442e-b4fc-6b8bdb88ba50,010500000001000000010200000013000000D25D15A0C17D5840D0B481601859334023FD1CC0677E584032F1E940A75D3340B8E0E0BFC27E5840B0B3489F485D33403A450CC0557F5840E872DE609C5D33406FD25F40747F5840DE192820135C3340518A3F60E77F584082FD06A12C5C334031D0FF1F3680584000B5EAC0B05B3340B854000070805840F0B4167F715933407DA7D79FAA80584076E59B1E0659334072BDEF3F0A815840A6A01D406A593340B58B62C0CA815840423A5D3FE95B33402A44EE7F448358402DB4DEE0F45C3340352C41E07C835840A5523E601F5E3340930B41A0D083584082218E60855E33407619310051845840EE45D71F4B5E3340C281A57FFD845840B65A66A0FE5D3340BF993CC0E4855840DB76A69F2E5F334030A6A7FF43875840A761551F0E62334098DFCB9F948758401EB3796164633340
4ec192cc-45e3-4e48-91d1-5db3621c386c,010500000001000000010200000007000000FB1DFE7FCA7C5840109D43BF05533340E09FA23FD77C584004D226DFD853334036EAF15F037D58402C1F82BF4954334021F93900177D5840131346DF7A543340B84E1D60967D58404BD2DBA0CE54334037CF09A0E07D58402FB90B9F17583340D25D15A0C17D5840D0B4816018593340
a1251547-ff1d-4183-a757-a16f1d459cdc,010500000001000000010200000019000000FB1DFE7FCA7C5840109D43BF05533340F1A6A31FC27B58400A0F323F8B54334057F65E20717B58401A0F0681CA563340ACEFEE5F547B5840328014DF545733403DE9FBDFAD7A5840DCC4857F795A33402816E89F407A5840AE5EA6FEAE5B33403300D0FFE079584099423A41BE5C33407E62CCBFD4795840020A8D614A5D3340D9E8FFDFBE795840EFDBC47E475E3340D77324203E795840A5E82BBF1B5E334002ACA41F24795840ADC064A1125E3340B097C13FFD7758404FC38ABE3C613340418F39C0EE775840C06D91FFDC613340269C50A0DA77584000B76D5EB76233404C7921208F77584048E83D01EE6233406A52DEFF537758403008DDDE17633340F4D50560F9765840352488BFEE63334066A30120DD765840C823C6BF81663340EC4055C0D1765840A3B67FA089673340EC2446A0BA76584072683760A6693340A3185A20D4765840EFB82F1FA46B3340B89AAE7FF87658405E537BFEDE6C334065320920AD7758409636987F8B6F33402E3228A0F67858408ACFBCDFC87933401243D45FD3795840558E90A1AF7C3340
0aa03b79-4680-4b45-a57d-d997541d6ed7,01050000000100000001020000000F000000C957B33FE97B58409F85B5DFA53B334013B81A00757C58409C075FC1903C33405F8C36208D7C584098405681533D3340D8073640537C584071AD6FBF373F334068B1AA3F587C5840022C306138403340A35C3EA0B57C5840AD326A1E52433340D0EACEDFA87C5840C821E2FF164733407ED71260767C5840B452B17FFA473340712422E00F7C5840787FD74095483340B466FBDFFC7B5840A59F2BE0B44933400C2626C0A97C584006FC7EFFCA4C33405CC406805B7C5840E9283ADFBE4D3340A6421260667C5840B2B6F2BF6451334088DEE25FC27C584043D61BFF7E523340FB1DFE7FCA7C5840109D43BF05533340
bf4d97e7-0a16-42df-a390-2c721b66d8d5,010500000001000000010200000009000000751100A08E7F584098F9D83FF32F3340F21C1120587F584062630A6140313340D445E93FFB7E5840C511D9E07233334044BDD4BFD17E5840AC349FFE193633403660A69F187E58400197D33F8D37334020A45020FE7D584078AAC09ED8383340E1F06120207D584092B6FC7EA73833400C2626C0A97C584097C72C2161393340C957B33FE97B58409F85B5DFA53B3340
5eed9d25-340d-417e-a396-e5294f650ece,01050000000100000001020000000C0000008660C8BFAB85584044947DBE022C3340A7FF1F403A8658409F1AB1DEEC2B3340B90A04E075865840D7435941442C33402BDBBBFFB5865840B398DB3E412D33403CE14E402D8758406032EF7FFF313340B89A32403A88584059A70440023633403D7439004E8958402D00DA00D5383340DE073220B3895840E4C6B55FFE3A3340F56A09E0C3895840FF2794E0663C3340697206C09D8958409FA93C9FFE3D33401CB73D604089584090F6B6FFB83F33404F630E80728958401BF2E05F5C423340
f8b327ab-c0ea-49cf-9ee3-0d081a6d2e78,010500000001000000010200000008000000751100A08E7F584098F9D83FF32F3340C694F89F1D805840B08CEBBFCF2B3340E0A3F0DF48805840E45BB15E452B3340146E1EE07A825840A2E1B91E2A2B3340BCCEE5DF358358405506B89FE52B3340F9D245E0FC835840691AD05E362D3340F5991D409B845840387C25A1012D33408660C8BFAB85584044947DBE022C3340
373197a8-b718-4750-8aa4-70ab84298f19,010500000001000000010200000009000000290E0520DE755840301A485D3F383340FD4A12001976584050318A006F383340473D3D20D1775840CAA16DFEF3383340914FA15F70785840C7AE8900BE393340DA3B54C06F79584033616C20E03B3340D9E8FFDFBE79584085581980FB3B334013253040547A5840C47D6E1F7D3A33407E454F004A7B5840B47546DF9D3A3340C957B33FE97B58409F85B5DFA53B3340
ade27326-4a56-4699-908a-b8ad69a77e4e,01050000000100000001020000000A0000003C05D6FF85895840949FA8BED21A33404D0E25A0598A5840D8D854408B1C3340F8C4FCDF218B58404039BCFF901F3340A27818C08D8B5840577EEF9F22203340F6E4A0DF298C584089AF73E1FB2133409DCEF71FFC8C58403C6A5FC1B32233408D1A4B20C28D5840BA96D0C0582233403D0D0760488E584078A74BA11C2233406023CF9FBF8E5840FCA6B55F702233404DC301206B8F5840FE656AA10D243340
9ac7dd1f-fda7-4da6-822e-c7a95c09ebf6,01050000000100000001020000000B0000008660C8BFAB85584044947DBE022C33406C35C15F6985584058A93920CA283340C4D7B5BF0A85584068A7775FDD1F33403D53B5DFD084584079F52A81671D33408BEC4440BE845840223E549F5A1A3340A1C4A9DFEF84584053228A3E3A18334036A31C8086855840080E91FF32183340830CB85F2787584002C931A1E0193340E5B6A31F09885840C105883F9D19334076D0A27FCA8858402E2AD1FE621933403C05D6FF85895840949FA8BED21A3340
9f636ff5-a934-45d8-b60c-fa394ca2285a,010500000001000000010200000014000000751100A08E7F584098F9D83FF32F3340281B5DA0A67E584079F61CE11C2D334096B1C5BF907E584050EA0CBF0E2B334012645880507E5840975C2820A82933405BE5D1DF577E5840A2274500D52833408BC34880FF7D5840D02312E09B273340B4F9E59F1D7E58400981E9FE8B253340303D1560157E584086176D9F3425334041453DA0F47D5840170894E0D82333401366ED7FB87D5840C8D7EFC0FA22334086863D204D7D5840B192BC206922334083A2FE5F047D5840D1E3575F8A203340D4B2FE7FDA7C584046E82DFFE61D3340D3AF42207E7C58404467B0A0541C3340D798D23F8B7C58400EB5AE00E9183340B0B845607A7C5840B616E49F17183340C48A3240F37B5840E4873E5FFF16334041B252E0D37B5840F84BF4A0FE153340E7BBE23F8D7B58409D372720B81333407226B7DF777B58402A387E3E7E113340
1d1e6ed1-1d94-4bab-86bc-e1fd94b96cb4,0105000000010000000102000000090000003C05D6FF85895840949FA8BED21A334023DBF5FF378A584032EEB2FE2216334000C65420B58A5840AB7846205A1433409802E5BF798B5840E1E2394114133340236EE0BF588C5840CB0F6D4026103340DD453300BB8C584010E75A1F7B0F3340A99DF7BF798D58404EE3FB4081103340CA3C4F40088E58408AFEE3FE97143340619232A0878E58408E84A18072153340
cd7f20b2-edd4-4adb-94b7-506e7182fb0d,01050000000100000001020000000D0000002061DA3F9076584032B08E803D1A33407A735900EE765840595F959EEC1833407359AEFF9F775840DECD51218C1833408580A1BFF27758407406FF00001833405ABA4020317858409A2A93FECF1633405683AD7F37785840983F03FF391533406535C57F09785840EDCEB6A01C1233409BC21800287858409089CE3E95103340B72ADDDFBC7858407FD2AC1E7E0E334069FE1B802F7958409065477F3C0E33409CA857A0F979584076CE987E8E0E334017F01B40E27A584082F84CC1A10D33407226B7DF777B58402A387E3E7E113340
14d2e0a0-2c39-4a0b-9c67-d0c80a2708a1,0105000000010000000102000000170000007226B7DF777B58402A387E3E7E1133401782DF9F0E7C58406345F3DF1C0D3340C7E3FEDF5C7C5840988E8681FB0B3340F2162E807E7C5840808A9E9FCC093340608FF27FE97C5840911D39008B093340B4833160087D5840164EBE9F1F09334063733140327D5840F4F886E02C073340CF79D6DF787D5840004F16E1380633407E8350E0517E58405E3240A05C053340E4666440957E5840FA110B81860533402556E95FD17E5840A6F4BD7E47063340FF5C09C0057F5840F8E0EF9F45063340C51E4460087F5840F8E0EF9F4506334054E5A0FFB87F5840391600A12C043340637914E00B8058406DE5C53FA20333402F5C4BC0A98058408687EF7E6D033340CEB542C0188158407553EC8095033340E9C7F65FA0815840BA4E611F43053340CE499B1FAD815840B9B873C04605334028400BC0F3815840FBC8585F5E05334073A32EE0DB825840767FC73E8E033340436C39802A835840D06F0D007C033340C17B2DC044845840713F959E5E003340
1c5b612d-cc49-4732-a222-f46668d4a08f,010500000001000000010200000018000000578BEE18B27158405D8A62FF32133340B2C240C0E3715840DC3B1C405E123340396350C0347258406D2C4381021133402D0DC1BF287358407C75B67F440F33405020CD9F437358403EE327FF410E33400368C09F42735840965D6BA0BA0C3340AA379DBF6573584036517AFEF50B334054ECDFFFC57458405015A85F13073340F810C3FFC27558404D942A018105334082764640E9755840BA4E611F43053340473C16C0DC76584070ACCE7FDF02334060F8B91F57775840813F69E09D0233401C261DA0C677584033D9F4407A0333408028AE9F1D785840981A8ADF2B033340336B5040587858403FC571A08202334012AE54A04A785840262B9C5F5700334034C1608065785840E8980DDF54FF324002A9E8BFC77858400D65EB6033FE32407BEB5B00EC79584092FF82A1CBFD32400B40E71FD87A58403524ADE047FC3240B10FC43FFB7A58407A65AD60A0FB3240A7B59F5FFE7A58404CBAE6A0A1FA32400220C45FD17A5840A581657FEEF83240CB1B0020CA7A58401831997EB1F43240
a8676a42-be50-4165-89ee-d7237cc61130,01050000000100000001020000001C000000D9100A40C870584022F461603EF63240A6F6FC7FC27158400EDD226170F23240C4B4D19F647258409DA7A9FFF0F132408F25E91FDE72584068192F1FDEF03240CC66B8BF9773584048D0E7DE5CF03240AA3508C0FD735840AE8B4A8077EF324072C307E022755840C1989F7E79EA3240D3864660BF75584043274740A0E832400A1CA79FFE7558409E178D018EE83240B25DA31F46765840F89880FE2FE93240D1A6EA5FC7765840A295E31FA3E73240F52B16A00677584005FFCA60A1E73240269EE59F427758400A3CD6C053E8324034C0392071775840C4C9BA5FBAE932407C5DC29F8F7758405C4C8FA1AAEA3240845F4140177858401670619F0DEC32405683AD7F3778584024260E7FD0EC324017EA38A008785840185BF19EA3ED3240C74A318062775840511A8760F7ED32401E7EC2DF3B775840A101795EADEE324037A60DE021775840FBF4E55F18F13240D1C0648076775840DBA34A21F7F23240A0FEFCFFE5775840A53957003DF4324020D5F97F3D78584030A7E7FF83F4324064C23780717958402B6ADC9FD1F332408666E05FC4795840D04DBB20EBF33240BFBB6380147A584060626921E8F43240CB1B0020CA7A58401831997EB1F43240
ef4a2343-f331-4f5c-98ad-4daf0182b357,01050000000100000001020000001E00000074EBF51F0E8A58401EBD276125EC3240B6D5BEFF648858402CFB1F214AEA3240540FC41F6C8758402D910D8046EA3240C486AF9F42875840136471209CEA32401322D4FF9786584071F694BFF7EB32402FF51820A48558400216BEFE11ED3240929A48A0A0845840BFFD84615AEF324007C3A5FF558458404B8C75E07CEF3240555C356043845840542677DF68EF3240E0C609002E8458401216924051EF3240B15361805D8358409306E53FB6EB324022932EC005835840DF2A99E022EB324087912AE06B825840D7B1F76012EB3240BBCA0220E58158408DC9D9DF03EB32400913D39F898158407F88BADF61EA32408256B47F2181584019A9D07EEEE832408F93F0BF728058400595B8BF9DE732405BE46340E47F5840F4F6A220C2E73240F605A13F657F58409CC2EA60F4E63240C1C8E53F9B7E5840A55CEC5FE0E6324019F64CC01B7E584099D75A615EE53240DB612940B17D58401D6DB27EAEE5324025E2C91F247D5840D543493F3DE732400FEE5560DB7C584002CEAF7F60E83240F6E3AE7F747C584004235220FAE932407199AFBF307C5840FE9767E0FCED3240EA14AFDFF67B58402987A09EDBEF3240DA5FDB7FC87B58403CB88FC15BF1324088D92620DD7A58406CE4D3DFECF33240CB1B0020CA7A58401831997EB1F43240
a0b9a9bb-82bf-4d70-b5b7-c01a5ff38979,010500000001000000010200000016000000727201C05A7758403E975100BBCA3240A25534A0E77858403DBBD8BF13CD32401327C53FBC795840B41451000ACC3240DD270B20FA7B5840650834A084CD32400F093E20FE7B5840121C027F86CD3240A4D0F2FF417C5840BCA6FE0056CE3240B20E56A0877C58408991AD8035D132409D205AA0F77C5840C5880E7FF3D23240A6D4D5BF927D5840FA809B000AD43240F2A65CE0427E5840961ADBFF88D63240293CBD1F827E5840C70138DFE5D6324039425060F97E5840822A4A0091D732400060C51F627F5840AD5F0EA01AD7324016BE4B80AE7F5840D809601FC5D6324071D8D7FF2C805840BE6736E0F9D6324017C4C33F678058400E7453407FD53240C809D45F9E805840832723C013D53240426DA71F9E815840FA16895F06D43240F3CEC65FEC81584060D2EB0021D332409A9FCADF03835840F284DB5EBAD132406A2E2240BC8358405C28A7BFEDCF32406DA4246031855840B7FFE0FF9FCD3240
47b81666-70ca-4fb5-816c-864ce3a9173a,010500000001000000010200000016000000B6DAFEFF8B9B5840207608DF0A38334039B022004F9B58407B71C9DE153833408AC02220259B58402859BCFF1E383340226BEF5FBD9A5840C820F09F61373340C6FD0E008E9A5840B718C85F82373340C3A44260249A5840E4A22EA0A5383340534BFBFFCC99584091200F20AB383340D7762F409D995840BC55D3BF343833404398BC9F0699584050C7775F6B38334093C10F80979858407B71C9DE15383340624F40805B9858406D30AADE73373340504335802B9758405961795E57383340C5F60400C0965840175194BF3F383340F10FBA7F32965840F2E34DA0473933409EF941A0A3955840CAA16DFEF33833405A47DE3FFA9458401259709EC13933403F191B805B945840C744775FBA39334099493E60389458403910DE1F363A3340F9EF4660C99358403076DC204A3A334051AE4AE081935840E45CA3BEFA3A33407C589C5F2C9358403CFB6D1FCC3B3340E2A9EC5F43925840E6856AA19B3C3340
2231433e-688e-4ec0-a594-48aabfa7a3c1,01050000000100000001020000001E00000010251760336B58404AECC34AFFEE3240E79EE1BFC06B58402A6319DF82ED3240EDDBEC1F736C5840EDF9514121EE3240D1584080BB6C5840370E4B8028EE32409539F8BFD16C584037785D212CEE32407563A95F096D584052D1D43ECFED3240D87FB47F0F6E58404F374B5F01EA3240878BC37F506E584058ADC59E94E7324052E0CBDFB26E5840D7DE76C181E6324061743FC0056F58408E81CB6052E63240432C1FE0786F5840D543493F3DE7324011F9BE5FB87058403CB6F9BE2FE632406F472220D4705840CA54A59FB7E532406DF111E0C6705840115DAE5F4DE432408255C21F6C7158402EBB65A038E33240BBCBA5BF977158403D04D99E7AE13240B603E1FF867358409845258030DF3240E1C8D3FFD474584087AF63DFF4DC3240453AC8FFF3745840DC629E4030DC3240A2321B8002755840B20953E14DDA32408E62C39FF1745840C625BF9E3ED932404CE636606E755840D894D23FA4D63240E5912A00FB755840BED99C7F9DD4324007C145002D76584017DF5241F5D23240DA1962007F7658406FEF83416AD132400B7022E0A3765840F0546420F0CD32407E40DAFFE37658408A00EDDF5BCC3240E7E861A0FC7658402A3DAE5FBFCB32407B5A0640337758403D0CDFDFDBCA3240727201C05A7758403E975100BBCA3240
11c68f2c-943a-4e5f-87e9-cb80e50745be,010500000001000000010200000004000000727201C05A7758403E975100BBCA32404B7665C032775840521E740126C532401AB3D6DFAD765840B8E12AA1E0C13240BF9B06C08B76584007C5801EC5BE3240
5040f488-1131-4d04-8691-17cd5cbeb31d,010500000001000000010200000009000000612339A03D7158402FC044A11CCA3240F13FA67FFB71584049626EE0E7C932405C5D09E094725840E0258EE03AC932409C7F5BE03A73584032B3289F52C932403DA4F0FFD7735840E2EC962078C83240A48AC0BF777458408A09E58072C53240BACC3700AD745840AE42E97EACC23240D6DF1200297658405017B140D7BE3240BF9B06C08B76584007C5801EC5BE3240
5ba0c058-3a51-43fb-9bf7-afec3da0b97b,01050000000100000001020000001800000062E04680117B58403406E77F81AB3240AEB462A0297B584001CD0E4008AC3240AEB462A0297B584031F1FE5FF9B03240561147E0937A5840CA51CF7F97B63240B64BA83FB97A5840601816C067B832404D82C01FC57A5840A29D883EA0B832400C96F75FE57A5840B8B6E02039B93240BFDFEA3F6D7C58402E0761C018BF3240D4216280A27C58401EB9AD9E8EC13240610112E00D7D58406C9C168198C2324095B09E5F9C7D58400812CFC0BEC23240A82DA25FFC7D5840B02D797E42C432407C1131802D7E5840868327FF97C43240D72801A04F7E5840C772AC1ED4C43240C1C90CA08F7F584096F561E07AC43240CBCE47A0738058408B7B4B2016C33240B48A3B60D6805840475BAB1F99C33240DF51C35F8C81584036BD9580BDC33240E6E122A0EF815840F2A770BE5DC43240267CBEDF128358409B359480AAC73240F1CE31400D8458400236DE60F9C832400015A29F7384584054C3781F11C93240DF7120201585584046EC6BC072C83240D48AF41FD18558400B4246FF88C63240
0abfde3f-9217-4409-b704-43a519b26996,01050000000100000001020000001F00000062E04680117B58403406E77F81AB3240884C1F00967B5840B8E1C97E7CA932408B305EC0DE7B5840EA3FCD20C5A632400C28BBBF117C5840C4A9BF1E2CA63240375BEA5F337C58403017BBFF19A63240C7FF0D00747C584030A22D20F9A53240EB682A209C7C5840B280375F71A632407B0D4EC0DC7C5840C3A16B208CA8324076D425207B7D58404FA5E97ECFA8324043BA1860757E5840BB57CC9EF1AA3240F38E30807C7F58407EA8791FE5AD3240C5242700E2815840B7B7715E8AB03240974342E03D82584084090C3FF0B03240E959BABFCC825840DAF088C1E9B13240E673E6FF1B835840B6193001EEB23240622CA39F348358409C82810040B332406E83590035835840842D93FE48B33240334BBE7F908358403D517861D1B832409B0F5540C0835840A744A63F56B93240E51EFD1F038458405DE7FADE26B93240BC60A93F62845840E80750A199B932408E47A6DF8F845840CEB588DF1FBC32406ABE50A08085584064747B2150C03240F4455BC076865840CA7F4040BCC132408EF69FBFC78658401C90F92013C43240F62FC45F18875840270A10E177C53240D1A547C014875840EBCC23010FC6324017EDBFFF25875840D2ECC2DE38C6324056F0468058875840FA0D4301B1C632403ECBB7DFCE87584002A844009DC6324093C2B21F4A885840D541657FD2C73240
07d776d0-3ae7-40e4-96e8-a0024590f5b1,010500000001000000010200000012000000BF9B06C08B76584007C5801EC5BE32408DF2F1FFB5765840A0B9BBFF58BD324052B79A1FB57658409ECE2B00C3BB3240A3185A20D4765840E20F2C801BBB3240604852A0AB7658406A71CC00F1B932400B8C3100BB765840A6AEB8E059B9324060DCAAFF3F77584018CB25C19DB73240820BC6FF71775840CC82EA60D8B53240E3AF39009B775840D8BF6DE0A8B23240899B2540D57758409129CBBFB6B132408D8220607A785840007F2F60BDB03240F2F3146099785840FBCC9620EAAF32400037C95FA3785840A952CB9E8FAD3240557E5C2073785840218595DFAFA732409D1BE59F91785840B280375F71A6324013B4CC5F0379584074791BFF4DA532402F19D5DF3B79584052BAD19E57A332409E00FDDF6E79584017595EFF95A13240
147f7750-efa5-4efa-a644-33d117ae0433,01050000000100000001020000000800000022D74740267A58408CC74640F69E3240296CF8DF4D7A5840C53D2AE0219F3240CB8A6320927A58407ECB0E7F88A032403B93EB9FA07A58401FEB0B00E2A33240D057E41F887A584010E77F40D4A73240874BF89FA17A5840F80E8681C3A93240B8BDC79FDD7A5840B19C6A202AAB324062E04680117B58403406E77F81AB3240
685a4967-377a-47a2-b504-40aecc429765,0105000000010000000102000000030000009E00FDDF6E79584017595EFF95A132401327C53FBC7958405945BCDE549F324022D74740267A58408CC74640F69E3240
3ecc12ad-5226-47ce-b0aa-70d766eac2a0,01050000000100000001020000000F0000009E00FDDF6E79584017595EFF95A13240003534603B795840837DA7BE5BA13240E1EBEC1FBA785840B0070EFF7EA23240A0E058E0667858406F829B8046A2324069FDF41F3B78584058D3553FB1A13240103ECA3F8E7758407555943FF5A232401E9AD1FF52775840CF247A8107A33240694F22A0F7765840C4AA63C1A2A132400B8C3100BB765840665A0021FE9F3240DB1EB35F4376584009F4B73F9B9E324099BFA3DF4A7558403AFC749ED39E324080929C9F7F7358403638939E13A2324015DF4BE0E9725840CA34AA5E29A23240FA43BA1FEB715840AB5575BFABA13240136C0520D1715840162D83419DA13240
ef443ad0-10c2-457d-8244-d6893d76e22c,01050000000100000001020000001100000022D74740267A58408CC74640F69E324035544B40867A5840A80177C1889B32407FD25620917A5840D69331004C9A324056F537C07C7A5840EACC74216C993240160B0400057A5840747B50DF1598324056F537C07C7A5840DAA81920D4943240C3864F80A27A584080B5AC1E69923240EFBECF7F887A58403FA2A03FD48F32401AD6EFFF927A584025BB8FC1D48D324075401400667A584066868D21B88B3240E3D3C0BFF37958401B8EB43E448C3240BE6AA49FCB7958401551A9DE918B324045ECE81FA97958405D352BDFCE8732402ADB5BE0157A58403B6B6640BB8532409AC7D43F0D7A5840C61E8221AD833240BD655340077A5840052377415382324094A7FF5F667A5840D2CD6B40217E3240
c3be8790-7310-488b-9dd1-5ec338aeb70e,01050000000100000001020000001B000000BAA02EC0349A5840135593FF99A733404227C49FD6995840C6840CBF72A833407021FC7F35995840E1B86BDF6BAE33403B030C00DF985840BCE1121F70AF33400FE92F207898584006A9D020A3AF3340E87FC51FF097584012A0C8BEC8AE33409AC1406036975840ABB88A5FB5AF33403E546000079758406A5FF39E75AF3340A4CAA55FEA965840CEE93A5F4FAF3340576231E03D9658402EFE7FFFB3AD3340C64832807C95584059EE5C6009AB3340398AE29FEC9458406DDEED5F01AA33401B925A40B494584078131DE131A93340AE0043808E94584088E7020053A733405124FF1F9794584090C78FE0E9A433408D5F560098945840FD81C6FEABA433406F19CB1F73945840CFCB840090A33340A6FEC3DF06945840E4C6903EA5A23340F60B08A080935840A5E49F40519F3340771CB85F6E935840A5C01881F89C33401573F3FF809358409A6762406F9B334009A7AFBF5F935840E1D97DA1089A334013FE1740009358403EFEF21E8F973340A416F03FCD9258407CD60C813C963340D313E47F889258402CA668615E9533403F8630C03A925840C4E6693F72923340CB80C8DFC891584028E3179FEF8F3340
ad5fc806-a51e-49c8-91f1-eb48d28d7b33,01050000000100000001020000001000000029B3E77F8EA0584040E60D2169823340511C528016A15840C11E6F9F7F8333400CDB5100BEA15840D6AC546139843340F3CE1520EFA158407FC8FE1EBD8533408ED2AEFFF0A15840BA93845F8287334037A1B29F7FA158407FEBF4A0C4903340A416BB3F8EA15840DBC18A3E00933340BBCCE6DF4FA15840B59DF6403094334098B61EA0D8A05840B6C9D1FE28943340937CCF9F82A0584087A1296169953340F05AA8FFE19F5840F68383BF559B33400163D03FC19F5840A03A5BFF1D9C3340293D3340799F5840921DC3BED49D3340E02F20609E9E58408529F2602CA13340E4F9E4FF379E584027DCB50005A233401EE1C09F939D5840721436FF64A43340
f674e667-afd2-4255-b825-0aa4f17f727f,01050000000100000001020000000A00000029B3E77F8EA0584040E60D21698233401EE8CA9F61A158401AA1063F987F3340F3B20600D8A158401C3C34C1DC7E3340A8FDB55F33A25840B0ADD860137F334026795140B9A25840C49D69600B7E33407F1F2960ABA3584039C6C6BFC07D3340DCABD43F4EA4584069173640217E33400A8B24608AA4584025F7953FA47E3340011618C06AA55840A0AD041FD47C3340B1773700B9A55840B407A8BFCF7B3340
89829712-de86-4f53-a808-e4d27a39da6a,01050000000100000001020000001300000029B3E77F8EA0584040E60D2169823340DE6BD37FBD9F58408B4092411B8033409B7FBCDF7D9F58405317EADEC37F33402391C4DFFE9E58404AF275BFF87F3340BA3640C0D29E5840E0FE47E1737F3340F8E80760BC9E5840174D0841757933402F5F9D1F889E5840B7AA2940B47833403D0EF9BFFD9D58405C24F61FCA7833405991A55FB59D58404ED85BE10A783340603FA9BF979D5840E88E5FDF93763340C805D57F2F9D58401600BA9E7B753340A82CCABF0A9D584054F933800474334014DAF09F479D58405D6FAEBF97713340C4ADE15F5A9D584014D56F1ED46C3340E72F51403D9D58403CFE433FEC6A3340E5D94000309D5840EC37B2C0116A33403961B1DFEE9C5840D04B611FCA683340221AE93FF59C58404B8D421FD9663340AF493120B59C5840CE18C3A082623340
84d696ca-a50c-4a17-a889-b07f05797ebf,01050000000100000001020000001D000000AF493120B59C5840CE18C3A082623340FF05B6FFE59B5840CB7541209E65334058FBFE3F389B5840B8B18BDE9E663340AF4A9FBF289B5840AE819C80B6663340B10F1300FE9A584051CA4D7F8B673340F217EBDFF49A5840AEA523400F693340A3CC5E00F49A58404BB1C9DE316933403DEBDF9F189A58405880823F306C334080B82BC0E49958408E3284DF9B6F33400B9263609799584065BC7481AF713340E70C3820589958403B3EFEBFFD713340AD61A4BFFA985840883D87FE9A73334096893F20C998584037E38ABECA79334062E0DC7F939858403A382D5F647B3340B6D41B60B2985840F4CA5121137C334022DBC0FFF89858409C500E809A7D3340FFE3C33FF5985840489DD31E5F7E33402082F45F8F9858408E9D88E0547F3340195F63208C9858406A5C1D7F558033401E0E400003995840B7630D21B8833340262E63C0099958405AD045DFE58633404660EC3F38995840926AB03E6A8933409F8D53C0B89858401C61ADE0EA903340E9EF4F80AC985840E5EE65C190943340244DE05F1D99584021E6C6BF4E96334084F153604699584034CE03C1A69733403402B4BF4B995840921E67614B993340A3583FC0469958400C1ABD7FAF993340A5B0E4FFBB98584052AA8E3F08A43340
e5412b7c-67f4-4b81-bf38-9f912252ec7e,010500000001000000010200000002000000EF510900AC9C5840F4A6693F56613340AF493120B59C5840CE18C3A082623340
2f87a387-466b-4950-b878-a92aaface2e5,01050000000100000001020000000F000000EF510900AC9C5840F4A6693F566133408900B9FF949D584010E4C000666033403D2A08E0149E5840462989BF5061334018A347A06D9E58406B24693FA5623340BDADB07FBB9E5840189AF5C00A6533405E5DB8BF379F5840C944263F5D6633409F66B7FF22A05840D49DDC7FE667334018C7CE5FC6A0584045DED01F8368334090B5C65F45A158408FF2C95E8A683340FCB61AA0C7A1584026B6E95EDD6733406C1062001FA25840BA278EFE136833401AB0C95FF4A2584097EE8900DA6A33400AA9C87F09A4584033CE54E1036B334043FE4BA059A458402B602EA0106B33404DEA33E082A55840B3944FC0766E3340
722d762a-de51-401a-a701-94e1dc4dee60,0105000000010000000102000000110000005EA7E9DF708A5840E004B81FA95D33400A3F4480258B58407C937CE00A60334070B3F4DFA08B584041826BBE9A6033402A00D5FF238C58409C089FDE84603340C41DE8FFD48C5840CA6E7E5F4F5F33401887B4BF148D58406E525DE0685F334013680640628E5840D06D65411C643340E02E2E00E98E58406DE31D8142643340F4AEED5FA58F58405CB76E810A6233403ABCB25F2090584054DF359F1362334003D7B99F8C905840DD85BD5E1D633340A415C9DFD89158400CAB51218563334004BA3CE001925840043D2BE09163334028D3C07FD592584037049D8067653340A233D8DF78935840A0407D8014663340A1C2DFDF4894584035BA751EEB633340922DFE5F82955840D18EC5C0F7633340
0cc8abe6-a57b-4f2e-a2a1-0a1e886c34ef,0105000000010000000102000000050000005EA7E9DF708A5840E004B81FA95D3340311EAAFF418A584000D97180095E334038A94D00C08858400D1DB8C028613340BFBDC37F3D885840CA92051FA861334098DFCB9F948758401EB3796164633340
ab6282e2-3b29-4c49-8015-a765de3d608f,01050000000100000001020000000C00000096B3A97FFB9D5840CD100E807E4C33400E2A5840FD9D584071F4EC00984C33401EC31C80149E58404C280F7FB94D334050884060019E584052CF2C806F4E334078D9C53F429D5840164CB5BE5B51334036EA4020069D5840A6580FC1B854334025DF5C80CA9C5840BA6C2780095633406ECF39E0999C5840536489A11A57334065E73460C19C58405E77B400F95A33402C7151C0959C5840A221237FDE5E3340D5B79E9FA19C58406C2142FF27603340EF510900AC9C5840F4A6693F56613340
f3fea0da-4f72-4e60-97a3-c9d5cf47a2f8,01050000000100000001020000000E00000096B3A97FFB9D5840CD100E807E4C3340F8C93CE0489E58400CABF0FE204B3340EAA55360B29E58402C669EDE4549334045C0DFDF309F584086ECD1FE2F4933401CE12B80B49F5840009BECDFBF4933402E9D9EFF8FA158406CBF359F854933408C5EFA9F64A258406C4DCFFFE14B3340DCFD01C00AA35840C769F07EC84B3340DCABD43F4EA458407AD479E12E4A334037146440B9A4584072FC40FF374A3340F3F3C33F3CA5584048E8DCDE894A33404E5C5340A7A558401031AE80FB4B3340A804C05F01A658408061E7BE324D33402D4D2A20DDA65840BC2C6DFFF74E3340
5841d712-68e6-44ea-a1e4-708f7ece7076,01050000000100000001020000000B00000096B3A97FFB9D5840CD100E807E4C3340655DE99FD69D58404400741F714B33405F1E4940BC9D5840D27A9840A0483340739DE13F849D5840A34A893F1B483340C257D11F4D9D584015216B3EB44833406ED2F53FF69C58400483559FD8483340B2C0A1DF9D9C58406A6A93FEEB47334041620920829C5840F3321FE047443340DE49E1BFCC9C58409ADD06A19E433340730C45404C9D58401C6447FFFF3F3340067B2D80269D5840F0740E41213E3340
8bfc331b-4e1d-4a7d-9d49-f8d72536c755,01050000000100000001020000000E0000005EA7E9DF708A5840E004B81FA95D33404FF6F83F938B584092467A9F6E5A3340917117E0A28C584081B0B8FE32583340B19E4F000D8D58406D9CA03FE25633404D140840338D58400691DB2076553340F957E79F428D584092B65DA10B5133405C58E39F318E584097A61A5FC44D3340B8E1D21F788E58407011B1FFA14833400AD7EA7F2B8F584018C4ECBE98453340A7D715E0308F5840746B805E5E4533402DEAF65F468F5840903EC57E6A4433405920E25FC48F58407963A47FDC4333409DF11040E19058407AB1835F273F3340E2A9EC5F43925840E6856AA19B3C3340
fda1b117-6044-4c06-97b0-8ff628402cb1,010500000001000000010200000012000000067B2D80269D5840F0740E41213E3340A6D42480959D58408DEAC680473E334088DF5880B99D5840857CA03F543E33405C5740007F9E5840FA0E10400D3E3340C2566380D99E584098405681533D3340C97CB01F399F584003CA71BED43D33408438F43F849F5840E663667F49413340F4913BA0DB9F58408A474500634133405477B31FE8A05840CE884580BB403340BE41C29FD0A15840EC12D87E9F3F3340E9590980CFA2584018E6F0E0EA4033409148B11F66A35840B5E61B41F04033402864E13F4FA458402CD681E0E23F3340D8C500809DA45840E6D5CC1EED3E334029679D9FABA45840A4C5E77FD53E3340242924A085A55840364CFC1F763D3340CA301F00D7A55840B660D6DE333C3340837A43C0FDA5584037DFC23EF53A3340
2ffc21ad-1103-4e3f-aafc-eac50404a3f9,010500000001000000010200000006000000B6DAFEFF8B9B5840207608DF0A3833409792DE1FFF9B5840EFD75D21D6373340375B3920369C5840AA965DA17D3833400AD064409F9C5840C7AE8900BE393340C8021920D39C58406E7DF8806D3B3340067B2D80269D5840F0740E41213E3340
1f0d7944-583c-4cfe-a1d4-a6c53869d404,01050000000100000001020000000A000000E2A9EC5F43925840E6856AA19B3C3340508E58001A92584097F307DF59393340716CB41F03925840117E9B00913733403681F5BF56915840203121A0D63533400914C5FF3E915840DE419C809A3533402DE86160DE8F5840DFF98D01E9303340360DD67FA98F5840BCC0769E892F3340FB40E29F708F58406E367B3F0D2E3340ADF7EABFD78E5840C12A015FAB2B3340D99ECEBF858E584006B28CC0AE283340
a70a4325-890f-4112-b086-7a2e23ec6dd4,01050000000100000001020000000F000000B56A2D60509D584086EB91E13B2533402C05AA1F2A9D5840B30BE6805B2633407D840D40C89C5840BF1BEA9FBC273340BB35AE7FBD9B584042130060702A3340C33606C0509B584033607AC02A2C3340BEFA21C0929B5840BE5BA420CE2E334034959E7F6C9B5840D205AA3E1B3033403C7852A0809B5840F931A59FB030334040433EA00E9C584098F9D83FF32F3340FD75F27F429C5840863A63213C3033407B0F3280479C5840109838BF1D3133404968B2BFD99B5840EAE831A16E323340457F22A0CC9B58400A776020243533404ABB06A08A9B5840687E119FA0363340B6DAFEFF8B9B5840207608DF0A383340
ead042e8-ff55-43d5-8239-a09d96e3c0d7,01050000000100000001020000000B000000B56A2D60509D584086EB91E13B253340878BDD3F149D58400CD3645FA82433408D1CAB1FEB9B5840ECD2CF404F243340A89C9B5F469B584048357CA1E0213340E6B74E403F9A58400466E2C02B203340B82B5300B49958407141795EC91F3340355508A0FC985840BFD46C5E5C1A334093369D5FB8985840E37FEA605F1933403FCDD09F7898584090883D014419334007E7B07FF0975840E92E5C60B517334096F65460A8965840D0222080E6173340
198de97b-d40b-4404-818a-4f71717642bd,0105000000010000000102000000090000005E16E3DFBAA75840CFB1AB40F82933408A0D5F60BDA65840CFB1AB40F82933406FADA73F49A658401C8DADBF3C2933402C4C03C0E8A55840090F835FE82733406431FC7F7CA55840EA131BFFB1223340177633201FA5584076314981A7203340A5AACC5FA3A458400AF1CC00291C33405F63542092A45840D4A0769EFB163340A1DFE05F15A45840A0173CE130153340
8b71032e-cce5-48ee-8936-936d1e0b7288,01050000000100000001020000000F000000A1DFE05F15A45840A0173CE1301533403F175180B4A35840DCA48A3EEB163340D9549D9F4CA35840FAC41D01F11933403B6DC5FF01A358404A1622A0AA1A3340FB48DEFFF3A25840B825FB5E061C3340BF26DADFADA258409C52B63EFA1C3340FDD8A17F97A2584002114020921E33401FE75C00EEA258401076E6DF8C2133406D16DABFD7A25840708133DFDA2633401C22E9BF18A358408C78FFBE3F283340B894E59FE2A258409E3FDC40BC293340C37B11A026A258406E7C0621B82B33402E7FFADF10A258400EFEAEDF4F2D3340CA10C23F4EA258402F9C98C06A2F33408A08EA5F57A258409E36E49FA5303340
881bb1b5-61e3-4ab2-9785-5c0d9c663f64,01050000000100000001020000000A000000B56A2D60509D584086EB91E13B253340F2A840A0AD9D5840842CDD9F9E2333403F83D47F7E9E5840A92496DF75223340C707D55FB89E58404B1DE560F9203340F3AC2360FE9E5840FC181CFF13203340A56453E0599F5840860D839E681C334071BEAC9F809F5840C19321A0F91B334004470F000AA058406B9084C16C1A3340F05813007AA05840E1C0351FC217334047A8B37F6AA058409089CE3E95103340
e693d0ee-2db4-401d-bca6-19b6f25350e8,01050000000100000001020000000A000000A1DFE05F15A45840A0173CE1301533403F38B1FF8FA358402650157F65123340C728598035A35840871354FF01133340A8E1A63F1CA2584056A184FFC5123340FD283A00ECA1584092488380321233402BB7CA3FDFA158400A38E91F2511334037A1B29F7FA158408F3C9301C1103340DEDFF2BF6AA15840CE408821670F3340F43F0E201FA158408D13CC1E200F334047A8B37F6AA058409089CE3E95103340
b95dd0ef-7723-4412-a75c-8fcd24f4f258,010500000001000000010200000009000000BA816340C1995840F74C85DE4F0D33404864CFFF889A584032821DC0180F3340D43E2E00309B58409350D77ED20F334041649E1FEA9B584092BAE91FD60F3340CD3EFD1F919C5840765C32DFEA103340524F49A03E9D58401624667F2D103340D5B8C5FF959D584004F0628155103340CB40FDFF199E5840DF8D97A07A11334047A8B37F6AA058409089CE3E95103340
f26c152c-788d-4b7a-9dac-108081cd7216,010500000003000000010200000002000000AF11F2A10357584044AAD84077973240ADE7BC1FEF565840AA3EC2BFD9963240010200000002000000D19B2061A7565840D8F7F52055953240579AB19F665658409C69F0BBFE9332400102000000020000006694B37D485658406C4513013393324066F34AE02E56584050CE4F3F0C923240
15a9cd65-9c3b-45b4-a987-66538b30056b,01050000000100000001020000000200000066F34AE02E56584050CE4F3F0C923240004DA61FDE5558401E4B0ED6CE923240
1f706644-2e16-47b2-af2f-8dd27f56542f,01050000000600000001020000000300000066F34AE02E56584050CE4F3F0C9232409EDBFFFF1E565840F82F85DE3A913240A2696B243E56584094E04DC1EE8E3240010200000004000000579AB19F66565840DA495CF3A28C324033DBD21F91565840837A32C19F8A324082771EE0DA565840BDD709E08F8832407BF32812DD5658408C8CC43E88883240010200000003000000ADE7BC1FEF565840A31A888849883240F80F06A04C575840046B85C00487324012FA2AF9A357584020DAE11E6686324001020000000300000059EF53400058584072DDAF88BE85324064A5B23F63585840E34129BF0A853240E51F9C9084585840B427FFFE43843240010200000003000000B03C5FC088585840BCB74D032B843240BDD34020D8585840B3CC327F5182324017BF358201595840DCC239BFFF7F3240010200000005000000199A9F3F11595840E62A25E51D7F3240B07739601359584022FE0F60FF7E3240892B05E09659584087D30FC0A67732403FB0B55FE85958400E76FBFEDE74324093A25F409F5A584044267A0144713240
29167474-3ae6-43b7-a048-db2f495bd2c3,01050000000100000001020000000200000093A25F409F5A584044267A0144713240BC34FF52775A5840EAE106E010713240
646871cb-f33f-4efc-ba2b-70be8564a8dd,010500000001000000010200000011000000BD6CD97F936C5840B2EED57E3F65324076D333C0C56D5840ED47F51F61693240DDB64720096E58400CFB4E01E669324015BC32C0046F5840B4D1118035693240535056406F6F584050B1DC605F693240E8A8A71FEB6F584030F62E813A6B32409A7CE6BF5D7058402EC513A0F96B32407483062092705840113B81A1156D32402DEBCEFF377058402E53AD00566E324015BD5920F96F58405E3A0AE0B26E32401BDD2E00A06F5840788B2DFFB5703240D80FE3DFD36F5840CF29F85F87713240432D46406D7058401C05FADECB703240FE0755E02B7158403E39D11EE372324026E8E1BF3C7158404119E6DF5B743240501B11605E715840686968004A773240E8C348A08E7158403169878093783240
730451bc-6904-4a1d-8dd2-fc0fae4b9684,010500000001000000010200000017000000BD6CD97F936C5840B2EED57E3F653240E9F25C00666C5840763F83FF32683240C2C4CC9F686C5840E8A0D71EAB6832400AB058A0736C58406D5FF61E9C6A3240E649F8DFA76C5840C236B83F306C32403AB3C49FE76C5840AEFD741E106D324021FADC9FC96C5840D00571A02E6F3240D2CA5FE0DF6C58400363D09F007132404429F89FFB6C58406E5E65E14A733240B6DAE43FC86C5840C69179FEA17832408FDE4840A06C58405BBA7EE1D57C3240B5D9BDDFD36B584019CD7C5FA08332408C18AE9FD66B5840A4AF9A3E08843240048F5C60D86B5840D4F58E804B84324066AA4020EA6B584070F9E020CE86324055A218E00A6C58406B764ADF70883240CFE364C03A6C584004F91E216189324008EC0BC0926D5840B4F77CFFF88A324036CB5BE0CE6D5840EAA6575FE78B3240B8311CE0C96D58407250065F6E8F32403C0AFC3FE96D5840EDB56E1ED68F32402E5BA09F736E58409A9D613FDF8F3240F38FD31F2F6F5840FAEE3920D8923240
9701ffd3-b4b9-4b91-84d1-7c2cbfc70ded,01050000000100000001020000000D0000008B3228C0856C5840F36A029F22583240E4D7D87F836C5840FBFCAF9F6E5A324029FB34E05C6C5840A649753E335B32405CC5A91F0E6C58401815DCFEAE5B3240DACD4C20DB6B5840D076E5DF1C5D32407ED5F99FCC6B58404ADC4D9F845D324092C160A0F46B5840A27A1800565E3240BEDB3C805B6C58406FD72D1FD95E32409255B9FF886C5840B66DD03FCB5F324039B008408B6C5840AEFFA9FED75F3240A107D1FF5A6C5840F960F1DFD86332400E99E8BF806C5840408D815FC7643240BD6CD97F936C5840B2EED57E3F653240
c8253d63-5c77-48e4-a6cd-fcbc2933d1ba,01050000000100000001020000001A00000055109CBF5D685840131E0B604A85324018D0F37F98685840385F76C1498432401BB43240E16858400937BBBE648132403C551FC0D768584049B57DE1737F3240E69542C08A685840671B8920FF7B32409BC3BB9FDA6758408CEFBAA07D78324005E0F79F7F67584065384D1F097832409FE0D41F25675840AE8A7D411B783240AD20CDBFD266584020615F40B478324058B6D99F9E655840EC641A41CF7D3240FC48F93F6F6558401C4C77202C7E3240C3D215A043655840AAEA2201B47D324044361A40E2645840404094DF31793240418AF9BFC7645840CD485261BD78324005BB498032645840D7751A7F28763240640EFE9F126458401A8FF7BE566F3240639CDE3FEE635840508FD83E0D6E3240B1C89F9F7B635840DE9796C0986D3240E137B33F5B6358402C94F8BEB86C3240BB3ED39F8F6358404E5C3AC0C5673240A416D67F096458406304BD400C623240E7E321A0D5635840EB655DC1E160324070DCD6DF9B635840398F3E20715B3240C35EF65F966358401AB00981F35A32407232E71FA9635840121E5C80A75832400EC4AE7FE6635840647CF44049563240
3b912109-da6f-47e0-a879-effade96182e,01050000000100000001020000000A0000008B3228C0856C5840F36A029F22583240EF34B9BFDC6C5840A173553F0758324033032C409D6D58400D989EFECC573240A29BE21F706F5840CBCD444160553240945BEA7FC26F5840C6BC149FA654324025E7BA5F4870584029B16E0084543240C90B9E5F4571584004DA1540885532402C09DEFFD771584029D5F5BFDC5632402C261480E37258405C78E0A059563240B23660009173584001F2AC806F563240
a9a0271c-3ec7-46ce-8d06-f2d19755abff,01050000000100000001020000000C000000D256D69FB48858401327A2DEFC653240773F068092885840F38DF8202A63324010CFEAFF078958403061D25F8F623240C0C1A63F8E895840160D88000F5E3240C8C325E0158A58400EC48C21EB5B324009CD2420018B58405E87F75F485A324056A4FC9F758B58401BD9BDFE6E583240095FE87F2D8C5840A3A4702048573240EF314C20838C58401CB5363F165632407B2A4F40A98C5840A4ACC41EE85432406DEA56A0FB8C5840953FCA604D5432407666B47F688D5840FE5723A1A1523240
691a3fb4-fc5d-482a-8632-9bcf4b41936a,01050000000100000001020000000B00000008179D7FB9735840238FF2BE135D3240902737E0C6745840910982C1E959324018AD5E20F5755840D15AB21E645832401C784A20837658403D532020315832400C73DE3F0077584010C9B9DF0D57324034C039207177584089534D0145553240ACAE3120F0775840FAD1651FC75132403F3CE5DF3D785840EE2B74A1695032409E1EA1FFED785840E4FE981ED94E32403CE63F80517A58401C7620617B4A32401D9B6340687A58402E35967F324A3240
39a3debf-39ef-40e3-8a82-eac6f49ba691,01050000000100000001020000000800000012243EE09E6A5840B3394061CE4932405067A27FC06A5840F44C4C40634C3240F8A89EFF076B58406CEBABBF8D4D3240B4F210A08E6B584099DF24A1B44E324076F0B07F506C584085EF93A1BC4F3240FB1EA11F7D6C5840357964A033513240EF31FD5F806C584023DE7541D55332408B3228C0856C5840F36A029F22583240
274c77f3-0a87-4ca0-ac6e-999451cca790,01050000000100000001020000000600000099C5BB7F636958406ADC94009F4932406972B7FF9A695840AC61077FD7493240BA802220096A584001AB2F3F0F49324025A01A800A6A584001AB2F3F0F493240F81446A0736A5840E77218A14749324012243EE09E6A5840B3394061CE493240
74c9d841-8dd3-4ff4-acaa-a78a199849e6,01050000000800000001020000000200000093A25F409F5A584044267A014471324097F97468A85A5840EAE106E0107132400102000000040000001BEF41E0AA5A58409A68D216037132404A2710C0F05A5840A687FADE7C6F32409AC617E0965B5840794B737EA4693240ECB5DE70C15B58402A9BC6408868324001020000000200000030541980445C5840EDC02B6A7D663240C2D2B7A94C5C5840BEE8E3206666324001020000000900000087A12400CD5C58400033225B6F64324030AB0240E65C5840F1F2CA9EE5633240A7963EE0085D584041FFE7FE6A623240F0A22A60EF5C5840968E9BA04D5F32400C26D7FFA65C584088B46701325C3240DBCF1620825C584034DDA5E09D5A3240A4CE0E40D75C58408AA0883E1955324093AAD7DFE05C5840DF9C75C17C543240FB771CB3195D58403FE3BFFE32533240010200000002000000EF6BE59F555D5840D0D3E63FD7513240BA1B39EBD55D5840677EFABEEE4E324001020000000300000045B9F01FDE5D5840FD26E41EBF4E32406A979A1F275E5840A89D257F174D324083A4C5333E5E5840EB4E627FCC4C324001020000000A0000009C06FC9F665E5840B2B70D24494C3240F03259C0B35E584011AB03814E4B3240B3889EDFEA5E5840457AC91FC44A32401F1565404C5F5840614D0E40D0493240B38609E0825F5840C051987ECF483240C1C9BDDF8C5F58404EF0435F57483240943B2DA0995F5840ED961780BE47324039B5F97FAF5F5840060D660191473240AE4A25E0C45F58406AC3887F63473240C2D99AB9EA5F5840A837BA1F66463240010200000003000000B16BD33F006058402BCEB708D6453240CEB4CC9F2160584062BC4D9FF6443240395CB3EC516058403C85D7FF43443240
89d5023b-eac5-4375-909c-db9adbf111b8,0105000000010000000102000000140000002D9DEF1FED7458409D1FF61E80393240FAF01E00BB74584066892740CD3A32402F80078041745840093CEBDFA53B32405C0BDC5FD8735840C19DF4C0133D32408F23542076735840E9803D00813D3240C0E750A06E725840E9162B5F7D3D32404CC31D4089715840476467BFA43C324093CC4D6013715840902B25C1D73C32407DA5BEDF00705840DD94C0A0783E3240AB83E79F486F58403554EB80253F3240E72F3780796E5840987747E0784132405EAEA41F3C6E58403DA00DA0C6433240794AA47FAE6D5840C9A38BFE09443240588DA8DFA06D58406E876A7F234432401DC1B4FF676D584095D4C55F94443240CA3BD91F116D5840126B49003D4432401681ED3F596C58405F6AD23EDA45324067ACD51F526B58403A7219FF02473240FA892160F46A584048875D41AC47324012243EE09E6A5840B3394061CE493240
0fc97d08-d292-46f0-9028-5ac66a1d7b05,010500000001000000010200000014000000514B1720EB7B584007F040E0223332402CE2FAFFC27B58402C30089FAB363240968FD3FF9F7B5840D67152FF52373240E62DB4BF517B58407230BD60A13732400F0BD31F667B5840649E974037393240804AA05F0E7B58401FEB30213B3C324081BCBFBF327B58404DA1721F573D3240F0A3E7BF657B58409F981F7F723D3240AFB71E00867B5840E6B934C0433E3240A9091BA0A37B5840383F7B80BB403240DD270B20FA7B584082BD8660C6403240C2A9AFDF067C584077FDE4BEB641324006E91A60F77B5840951A51413F423240291ACB5F917B58404A22785ECB423240E17C42E0727B5840FB8F2801AF433240596DCFDF597B58404C9BA1BEBD463240EA66DC5FB37A5840B210797E2D4832406454FBDF9D7A5840FB6D24DF5C48324000C7F7BF677A58403A00B35F5F4932401D9B6340687A58402E35967F324A3240
fd950768-67c1-4ba3-ba38-bd82d693f5e2,01050000000100000001020000000E000000514B1720EB7B584007F040E0223332403DEA2240A27B58401883DB40E132324027A8ABFF6C7B5840328F1721B032324048D2BCDF5979584059DC720121333240BEBA3C202079584042BBC620E834324025A3A1DF27795840D695D9BEAB393240CB8BD1BF05795840EAF2A39F243B32405147C97F79785840B87880A1483D3240F54725C01D7758409CC9C2409540324010C8150079765840F493685F5F413240547EA35FF275584052268CFEBA42324033C1A7BFE4755840A4F15DA0DD423240CCF6E61F5C7558408C3AC460A8443240111A43803575584014C0EBA0D6453240
2a86e3c2-c1d4-4718-8def-303db5dc6d3f,0105000000010000000102000000100000004C2FA13F536C5840371B45E1BF113240E730A51FED6C584060B5DBFE041232409000D01F706D584038F6197FF0133240BB155BA0126E5840003FEB206215324078D9AB7F7E6E58409E8F78FEB8173240F6E89FBF986F5840F15EE620AD1B324079BC2EC0F36F58406C5A3C3F111C324060B3AE3F817058402AB46941FD1B3240E8C348A08E715840D8A3B060A619324009860080817358403A6F43DFE21732408D619C3FFD7358407BA453E0C91532401658BC7F5B745840B7772D1F2F153240F965ACDFDB745840843B2E9F38133240A855ACBF057558405274BCFE62113240F965ACDFDB745840658978602A0E324035A103C0DC7458404A9A007F650A3240
7019256a-4d8d-403b-9fae-7586822410d8,01050000000100000001020000001E0000001A661E60577C5840F3D9921EA6263240288B2E40E27C58406AC1A4BFF8273240087FC17F747E58407DA9E1C0502932409C412500F47E5840B9A042BF0E2B32404ADED0FF6C7F5840D5BB955ECC2E32404C34E13F7A7F58409FBBB4DE15303240EBA8C0FF0B7F5840720C36A1483532402F5DB95F1D7F58408CF3461F483732401FC7B07F627F5840DE0E7B3EBC393240AFDA37206B7F5840B07CC0FFF83A32404B4D3400357F58402DE6C43F323F3240722B2CE0DD7F58407CC8897FC544324029CFA7DFA28058405AB839FF06453240126A3B202A8158401AFDF60089463240BF032BC046815840A20D9161964732409745D7DFA5815840FA41492164483240D20F36C0768258407ED7A03EB44832408A0606A0EC825840FA41492164483240AA549E3F3283584001F1BA20BA46324003671D0090835840F3DB76DE104632409CF6018005845840676692E0294832403ADED91F5084584028F88A1F80493240FF0F5140AF845840802C43DF4D4A3240AF020D8035855840DCB276FF374A32404555348058855840C44168A1AD493240C92D14E077855840527601E131493240401950809A85584086AFD920AB483240C5D64720978658404B934DC01D493240A41C08E0E5865840E89EF35E40493240CCFB26208388584001AB2F3F0F493240
701dfc04-ebd1-454f-a76e-eff72fe09c0d,01050000000100000001020000000D000000514B1720EB7B584007F040E022333240311C4A00197C5840DC2168A11F313240A89AB79FDB7B58408876813E842F3240B5F6BE5FA07B5840D009FD1EF92D3240D697ABDF967B5840F71171C0352C324087682E20AD7B5840E4B4A6DFBC2A324096ABE21FB77B58403F3BDAFFA62A324017F142A0D67B5840B3375CA1632A3240A2772660D87B5840B3CD4900602A32405D38BBDFE77B5840AAA8D5E0942A3240EB6ABF1F047C584078264B7FF32A3240D69516E02E7C58400EC90A006B2A32401A661E60577C5840F3D9921EA6263240
53f109bd-96f2-4e78-a9ef-f1cd23fb4eba,010500000001000000010200000016000000F3863420F96B5840FE2F221FB225324082A0E59F5A6C584015EAE29E64263240B312B59F966C5840594F6ADE152832400AB31400D06C58404C5B99806D2B3240DBF5B69F846F58406F8C4980072B3240722DF6DF84705840EC4654E0082D3240AE684DC085705840995A22BF0A2D3240CD2622E02771584054ED4681B92D3240674435E0D87158409F0140C0C02D324018A65420277258402D36D9FF442D3240285B2880557258408AED2701702C3240C35EC15F577258404AC06BFE282C3240BA5AADBF677258407ED5BC7E49293240C4D0E0BF7B7258400E81FC80B92532405995D93F6372584068487B5F06243240E3FA5C8089725840B85498BF8B22324004BB1480F3725840D9596D012D223240CEBCC8FFA4735840DF37E1FEF822324034BCEB7FFF7358403A2827C0E6223240F5B6CFFF6474584090714F801E223240F2D0FB3FB474584034552E013822324058B40FA0F7745840D733CD5E09233240
e22efba0-db9a-4df8-9ea1-12969b54d3f1,0105000000010000000102000000130000003FED6260408D5840F69FA9FE2D1632409DD1B37F588D5840B2E91B9FB4163240DAF0FB3F428D5840C546E67F2D18324040F2B3BF048D584086AC03018B1932402C75B0BFA48C584016CC2C40A51A3240D9EFD4DF4D8C584055F4A81FA41B32400B4200E0818B58405BC7A1DE521C32405BE0E09F338B584060D8D1800C1D32407B0FAEBF058B58409E6A60010F1E32402014EDBFFA8A5840167E4D605A1F32406E3E1920208B5840DCB663A0662132406A732D20928A584083A959E06E253240F031E13F628A584075A5CD20612932408484BA5F258A5840B0E5E040472B3240FFC6C2BF28895840C4879260F42E324094A7CA5F27895840710573E0F92E32405E17BB7FAC885840F77ADFBEC230324002AADA1F7D8858405A4ED9A0C4303240CD6C1F20B3875840A1ECCFBF562F3240
a5c374a3-547c-419b-b2ed-8735dcbd86a2,0105000000010000000102000000270000001A661E60577C5840F3D9921EA6263240FD75A3BF3F7C5840044CCDFF88263240A35ED39F1D7C5840208924C198253240A8B6C6BFF27B5840E2ADE31E6E2432409804AFBF207C5840F1CA7B5FB72232402DC9A73F087C58409AA67E014F2132409EAD61C03E7C5840C6713000D5203240E62EDB1F467C58400AB330802D2032403477AB9FEA7B5840A4D3461FBA1E32407F641A80BD7B58400E0D00DFE91C324075EC5180417C584083F075FF6A1A324067AEEEDFFB7B58402B2E24DF40173240C6FC51A0177C584086D65B217D1232402E541A60E77B5840218D5F1F061132403477AB9FEA7B5840C8A1598160103240D809CB3FBB7B58409078B11E09103240BA32A35F5E7B584016EFC19F480D324063E302E06D7B5840A48D6D80D00C3240906C42C09C7B58404ABE873EBE0C32400ACFEE1FA87B5840966DAEFF090C3240449826A0847B5840273D75C1D20A3240FEE69BBF6F7B5840748289E11A0A32406D5936E0817B584084EC5C5F380832407DEF3EC03C7B58404A52F2FFB3053240FA1BB0BFE17A58403C7BE5A01505324034E5E73FBE7A5840A9351CBFD7043240271453A0D87A5840DC42194158043240E549C3DF687B5840594B0381A401324020825E600D7B5840A7BCF25EE50032404EF4DF7FE97A584027B06C9EC7FF31405717BF9F4C7B58409B8867802BFD3140F8A7FB5F557B584008ADB03FF1FC3140311EDFFF807B5840DEBA504195F83140D33C4A40C57B584009F868DFBEF53140430B1F803D7C5840E7381F7FC8F33140CE9102403F7C58409EB7EC5E40F13140005AE27F887C584018AC92217BEF314075649BBFBE7C5840A02E93212CEE3140152DF6BFF57C58400633957F49E93140
87ed7096-9390-4357-9fd0-bd41d407e2e8,01050000000100000001020000001A0000001ADB6400F97E5840DC65385F458B32404B4D3400357F5840BFDBA560618C32400E0F21C0D77E58402E5591C0C08D3240D70A5D80D07E58402B8E8880838E3240E66CDCFF4D7F5840252F79FE7E923240E650CDDF367F5840853B6AA043933240CE0649E0E07E584079DA5F611A943240B388ED9FED7E58406E1ABEBF0A9532408335E91F257F58407457C91FBD95324031222DA0F27E58406088989FA0963240D80D19E02C7F5840B84AEABFCA993240871CE43FCA7F58400111041F879E3240E5FE9F5F7A805840F80F17BF14A13240A0BAE37FC5805840C461B19F7AA13240FC27C4DFF48058408C81BB5E4BA13240A84DFF1F858158405945BCDE549F32404635D7BFCF81584020C45D000C9F3240F67AE7DF068258409CCF6E80D59E3240DB189BBF2A825840D6455220019F3240FA433EE02C835840A4611C8121A13240CED9C97F718358405EEF002088A23240F9EE5400148458404186CEA07FA33240B724C53FA4845840A4A92A00D3A532402C4CB4FFE5855840AC3BD8001FA8324039FFA47F4C865840EE4BBD9F36A83240ABCA0B40C8865840E853997EB8A93240
af53a0fb-b79c-4a79-87f6-91473ffcf9d2,01050000000100000001020000001F0000001ADB6400F97E5840DC65385F458B3240BBA81060F47E58408DCB819E638A3240B9E39C1F1F7F584098969E7E908932403865B0BF5D805840BDD709E08F883240CA7EAF1F1F81584082516BDEFE8832404F3CA7BF1B825840FFE7EE7EA78832401FE9A23F538258405686B9DF78893240C1EBFE5F80825840AB5D7B000D8B32405B9AAE5F6983584081DF043F5B8B3240A14EF59FDA8358406DCBEC7F0A8A3240396A25C0C3845840F0088E21698A3240BBEFB03F32855840518E95BEFA8A3240EB4020C0928558408434A7DFF48C324005E1B4FFF5855840ABEB1461698D32401F0CBC5F38865840C25C23BFF38D32408ED53F40EC865840C43C38806C8F324017EB2A00BE875840EC1F81BFD98F32404409EA9F7589584027CAA680C39132408DF73100DD8958406E81A92091923240A07435003D8A58407202277F23943240C218DEDF8F8A584058CA0FE15B943240ACD4D19FF28A5840696825803794324084A1F0DF308B5840ADA9250090933240D43D3CA07A8B584005BA5600059232404044E13FC18B584027CAA680C3913240D52254E0578C58404F17026134923240D1ECE79F528D5840B950BB2064903240ACF6C35FE38D5840553086018E9032409BEE9B1F048E58404D584D1F979032400DBA02E07F8E5840BB3B4B20FA913240EA8852E0E58E58403B0246FF6C953240
95714883-08f9-42d1-b97b-09d1dbe44fa6,01050000000100000001020000001100000022D74740267A58408CC74640F69E324035544B40867A5840A80177C1889B32407FD25620917A5840D69331004C9A324056F537C07C7A5840EACC74216C993240160B0400057A5840747B50DF1598324056F537C07C7A5840DAA81920D4943240C3864F80A27A584080B5AC1E69923240EFBECF7F887A58403FA2A03FD48F32401AD6EFFF927A584025BB8FC1D48D324075401400667A584066868D21B88B3240E3D3C0BFF37958401B8EB43E448C3240BE6AA49FCB7958401551A9DE918B324045ECE81FA97958405D352BDFCE8732402ADB5BE0157A58403B6B6640BB8532409AC7D43F0D7A5840C61E8221AD833240BD655340077A5840052377415382324094A7FF5F667A5840D2CD6B40217E3240
468527f5-d55b-4814-a485-23ace8a4fb71,01050000000100000001020000000A00000094A7FF5F667A5840D2CD6B40217E32406454FBDF9D7A584070FA715E1F7E32409052C89FED7A584042FEA47E587F3240C9C61640B17B584067D46C0103873240C2A9AFDF067C584021199F7E418832400A61B27FD47C584092BB51C1418B3240C95645A0757D5840434D76BE588A3240F5702180DC7D5840BCF01561CB8A32401DC138C0A97E5840CE24195FA38A32401ADB6400F97E5840DC65385F458B3240
d38f3131-9a17-4e44-9bc5-eff0e92249ca,01050000000100000001020000000600000094A7FF5F667A5840D2CD6B40217E3240021D0800757A5840FBAD8D3F117C3240C76FDF9FAF7A5840C2CD97FEE17B324006575700CB7A5840FE0A84DE4A7B324096FD0FA0737A58408C134260D67A324008CB0B60577A58400CFC40619B793240
a039e5b2-7825-46bf-add4-63ffa80d1d05,01050000000100000001020000000C000000FA43BA1FEB7158405E33F6FE069532405B07F99F87725840C74B4F3F5B933240CAEF4700AF7358406FAD84DE89923240428EA77FD9745840EA58787F9C9032401A211380817558407E3C83BE768E3240DAC8A21F36765840483A1FA1B98832403B6F64E04778584049D904A1CC8132407F235D40597858405294661F94813240C7DCF4DF8E78584020CDF47EBE7F3240C4F9DC7F3A79584069702BC1987D3240175E58E0B57958407E3C3501387A324008CB0B60577A58400CFC40619B793240
1e7e25e2-9739-435a-af8e-55977185fc65,01050000000100000001020000000C00000008CB0B60577A58400CFC40619B7932406D580F808D7A584028CF8581A77832401B480F60B77A5840822CF2BEF0763240E262C8BFC37A58401EC4AE2069723240643657C01E7B58406842BA00747232409C3A1B00267B58405B97885FCE713240D5913320DE7A584024DD32C1C2703240782453C0AE7A5840808F419FA5703240F18343C05D7A5840ED8F039F126E3240B10C08E09E7A5840894B47C0E36B3240EA82EB7FCA7A58407927ECBE4B673240E00CB87FB67A5840203CE620A6663240
a23ab7fc-c6b3-49e1-814f-89ff569310d6,01050000000100000001020000000E000000E00CB87FB67A5840203CE620A6663240F0112460397A5840763F83FF326832404EF3B81FF579584039903080266B3240BA811480BE79584092E548BFCF6B3240D8C934604B795840F0C8727EF36A324081983800DA78584003904F00706C3240D93A2D607B7858406662A53FFB70324060DA1500D8775840C6B37D20F4733240CC861580207758405A49A97F8376324056EE2DC0AE765840D48DB1BF0F773240D9C5E6BFD975584068FF555F467732406B33A89FBF745840ACAA6880A2763240FCB72740F873584085F3FAFE2D763240118CA91FD972584057F72D1F67773240
a3dd951b-92ca-4a83-9a0b-e882d38f905b,010500000001000000010200000003000000E00CB87FB67A5840203CE620A6663240D97AC33FEB7A5840AF4CF8A0D1633240E17ED7DFDA7A5840AA9A5F61FE623240
784eabe3-621c-4382-9e96-390d7f4a0704,010500000001000000010200000010000000E17ED7DFDA7A5840AA9A5F61FE6232405BDFEE3F7E7B584005088700AD6032403A205EA0087C584088FC7580E3603240169C59C0BD7C5840EC91387FDA6032409EB4B2FF8B7D58408B7DF3DE756232406D7DBD9FDA7D5840FFE38721366232408CA860C0DC7E584039F8AC1EFE5F324093EABC7F537F584082297DC13460324094EE9F3FA480584058657B1ED86232408DCFA3DF91815840F9CA0381DC63324078DF12E0998258408DD2957F0F643240C4CF3D20C98258403ABA88A018643240E502EEFFEB83584060482F3FEC623240CEBB2560F283584035E468A1EC60324047372580B8835840AAE83E41495E32400BFCCD9FB7835840E0E81FC1FF5C3240
c9476528-120a-4e87-b175-8ab33bae7eb3,0105000000010000000102000000170000001D9B6340687A58402E35967F324A3240ECD8FBBFD77A5840EE795381B44B324069723BC0DC7A58402D2D4281924C3240ABD023E0E07A584096FF0FE03B4D3240447EAC7FD57A58406B345EE1B54D324091DD3AC0CC7A5840005D505FC44D3240D87707E08E7A58407A2CCBBF2F4E3240B564FBFF737A5840A84C1F5F4F4F32406D3C0060767A5840F1CD517FD7513240F8314720407A5840159D56413353324069723BC0DC7A5840DF4B6FA1B4563240FB8DCF1F067B58408DF52ADFB25632406E3D27C06A7B5840E0774A5FAD563240B10D2F40937B5840FBD828E015583240BEFAD2FF8F7B5840F00D0C00E9583240F0A3E7BF657B5840F529B7E0BF5932406CE716805D7B5840910982C1E9593240F36DAC5FFF7A5840977268DF945A3240C3864F80A27A5840DBAB14614D5C324040B12B80DF7A5840D26175DFB25E324001AEA4FFAC7A584052D80D41D45F32402A6FB43FAA7A5840CAEBFA9F1F613240E17ED7DFDA7A5840AA9A5F61FE623240
e486c986-b964-44c9-a499-2884d46ebc70,01050000000100000001020000000B00000008179D7FB9735840238FF2BE135D3240902737E0C6745840910982C1E959324018AD5E20F5755840D15AB21E645832401C784A20837658403D532020315832400C73DE3F0077584010C9B9DF0D57324034C039207177584089534D0145553240ACAE3120F0775840FAD1651FC75132403F3CE5DF3D785840EE2B74A1695032409E1EA1FFED785840E4FE981ED94E32403CE63F80517A58401C7620617B4A32401D9B6340687A58402E35967F324A3240
8f04ae1d-7ac3-4c23-a968-b8f2974d4690,010500000001000000010200000014000000514B1720EB7B584007F040E0223332402CE2FAFFC27B58402C30089FAB363240968FD3FF9F7B5840D67152FF52373240E62DB4BF517B58407230BD60A13732400F0BD31F667B5840649E974037393240804AA05F0E7B58401FEB30213B3C324081BCBFBF327B58404DA1721F573D3240F0A3E7BF657B58409F981F7F723D3240AFB71E00867B5840E6B934C0433E3240A9091BA0A37B5840383F7B80BB403240DD270B20FA7B584082BD8660C6403240C2A9AFDF067C584077FDE4BEB641324006E91A60F77B5840951A51413F423240291ACB5F917B58404A22785ECB423240E17C42E0727B5840FB8F2801AF433240596DCFDF597B58404C9BA1BEBD463240EA66DC5FB37A5840B210797E2D4832406454FBDF9D7A5840FB6D24DF5C48324000C7F7BF677A58403A00B35F5F4932401D9B6340687A58402E35967F324A3240
3125434e-5589-45cd-8b0f-ee72141e3243,0105000000010000000102000000130000003FED6260408D5840F69FA9FE2D1632409DD1B37F588D5840B2E91B9FB4163240DAF0FB3F428D5840C546E67F2D18324040F2B3BF048D584086AC03018B1932402C75B0BFA48C584016CC2C40A51A3240D9EFD4DF4D8C584055F4A81FA41B32400B4200E0818B58405BC7A1DE521C32405BE0E09F338B584060D8D1800C1D32407B0FAEBF058B58409E6A60010F1E32402014EDBFFA8A5840167E4D605A1F32406E3E1920208B5840DCB663A0662132406A732D20928A584083A959E06E253240F031E13F628A584075A5CD20612932408484BA5F258A5840B0E5E040472B3240FFC6C2BF28895840C4879260F42E324094A7CA5F27895840710573E0F92E32405E17BB7FAC885840F77ADFBEC230324002AADA1F7D8858405A4ED9A0C4303240CD6C1F20B3875840A1ECCFBF562F3240
cee09c40-0a16-4283-9f5d-8ef9236dfaf5,0105000000010000000102000000050000001BFB21E0218F5840A6FD9E3FAC17324019890280FD8E584067D52260AD1632400E2EB73F0C8E58405C7C6C1F24153240D87C47E0B58D584054EDE55E551532403FED6260408D5840F69FA9FE2D163240
bc68a8ce-58fe-4617-b644-81999caae9e8,01050000000100000001020000001900000066A350E0DF96584001B151C00513324020F2C5FFCA965840263FF85ED91132402161290093965840F084A2C0CD103240DBAF9E1F7E965840EE9912C1370F3240420216808996584055389EFE220E32405045CA7F9396584071DF0761360D3240C212C63F77965840CF581F7F560C3240CEE09E7F00965840C1811220B80B324074544180BD955840FA610861E70B324047CB01A08E955840CFC231205A0C3240287FFEFFB0945840E888E21E7E0E32405C0A04C0E6925840FCB82D9F871432403A665BE093925840F31E2CA09B1432408F27CDDF48925840E4DD0CA0F91332405B09DD5FF291584081E9B23E1C14324043BF58609C9158408FFEF680C51432405E5B58C00E915840A8A020C0901432403C2C3DC0DC90584037CA3EC1F71332400181A95F7F905840B753A65FD6123240B855F25F25905840F8AC3D2016133240BD91D65FE38F584092F1DA7EFB133240CC43EE5FB58F58409D3F168167153240F7575280638F58400612E4DF101632409A7B0E206C8F5840D87F29A14D1732401BFB21E0218F5840A6FD9E3FAC173240
4847191d-9627-4325-92ae-15408c3ab2ed,01050000000100000001020000001F0000003FED6260408D5840F69FA9FE2D16324021163B80E38C58400E5C8361AB1332400697B8DFFB8B5840B288019FC70F3240A79658A0CC8B58400E30953E8D0F3240FF56F11FED8A5840122065616B1032407A99F97FF0895840A2CD2701E2133240698E15E0B4895840013CC4E0E41232404945CE9F338958401817E5DF72133240550E5680F8885840DFA0014047133240C3F712809388584034A49E1ED4143240F986FBFF19885840003FEB2062153240A51D2F40DA8758402E3BB80029143240763DB8BFA98658402C50280193123240269C1BA09B86584090064B7F65123240E8EEA45F76865840BB3B0F1FEF113240E707F81F3186584082A1A4BF6A0F324016E747406D865840BE50F73E770C3240A5A90F002D865840A2592B5F120B32407A76E05F0B86584039D86320310832401D0644A07F855840E631BDE0DD0532408DF2BCFF768558404EAFE89EED043240A5ABA4FF94855840F8155E616403324062DB9C7F6C855840A33E9C40D00132409A2FF93FC884584013BDB45E52FE3140F1EDFCBF8084584099574C9FEAFD314034BB48E04C845840629DF600DFFC31406249D91F4084584024757A21E0FB3140B0730580658458408099EF9E66F93140C2ED4C2069845840AEDB4760D8F53140F2D1ED9F698458405E2031201BF531405409E17F92845840E4B7A12036F23140
8a4b9c45-1839-4a23-97bd-ca16e285df18,0105000000010000000102000000130000002B480640D4755840DAF4D83EA9F03140AD8FFBBF5B7558401535EC5E8FF23140F3421BA0D874584009627B80C2F531403C4F0720BF745840B699D01E1DF831400CE0F37FDF7458401CE3CC2094F93140C02AA3DF3A7558409C854040AEFA3140939C12A04775584014992D9FF9FB3140191E572025755840A417EE40FAFC3140E21EE43FE274584039B56D9E29FD31407DACC8DFCE7358407DF66D1E82FC3140897AA11F58735840DA8C5CA0D1FB3140DBF90440F6725840F1F2EFBF3EFC31400DDDCC3F62725840DA3B568009FE31403BBBF5FFA971584043783680B6FE3140EA1BEEDF037158405868C77FAEFD314065EDFD3FD77058408B378D1E24FD314055382AE0A8705840D7C5536094FC3140D9129F3F30705840EC274BFF2FF9314042D9CAFFC76F5840A4DA5A0066F83140
66c2216e-2a1b-46c7-b5bc-5149b1d0ad0c,0105000000010000000102000000020000005409E17F92845840E4B7A12036F231402D282D408D8358404E87483F62F03140
bc702385-6b6a-40eb-b23c-8c13425e5957,0105000000010000000102000000090000005409E17F92845840E4B7A12036F231409A32B59F248558406D69A41E5DF33140BBED1B40CA8558408C3D5E7FBDF33140D58DB07F2D86584078B7DF20C9F431408A0D10A0BA865840DC4127E1A2F43140093CCF5F488858407E216AE1EAF031405CBF154037895840DC8F06C1EDEF314071922980A4895840F9F83840F6EE3140F56A09E0C3895840E886FE5E13EF3140
91b35383-f384-4c9d-aafa-43b26e3b3e21,0105000000010000000102000000270000001A661E60577C5840F3D9921EA6263240FD75A3BF3F7C5840044CCDFF88263240A35ED39F1D7C5840208924C198253240A8B6C6BFF27B5840E2ADE31E6E2432409804AFBF207C5840F1CA7B5FB72232402DC9A73F087C58409AA67E014F2132409EAD61C03E7C5840C6713000D5203240E62EDB1F467C58400AB330802D2032403477AB9FEA7B5840A4D3461FBA1E32407F641A80BD7B58400E0D00DFE91C324075EC5180417C584083F075FF6A1A324067AEEEDFFB7B58402B2E24DF40173240C6FC51A0177C584086D65B217D1232402E541A60E77B5840218D5F1F061132403477AB9FEA7B5840C8A1598160103240D809CB3FBB7B58409078B11E09103240BA32A35F5E7B584016EFC19F480D324063E302E06D7B5840A48D6D80D00C3240906C42C09C7B58404ABE873EBE0C32400ACFEE1FA87B5840966DAEFF090C3240449826A0847B5840273D75C1D20A3240FEE69BBF6F7B5840748289E11A0A32406D5936E0817B584084EC5C5F380832407DEF3EC03C7B58404A52F2FFB3053240FA1BB0BFE17A58403C7BE5A01505324034E5E73FBE7A5840A9351CBFD7043240271453A0D87A5840DC42194158043240E549C3DF687B5840594B0381A401324020825E600D7B5840A7BCF25EE50032404EF4DF7FE97A584027B06C9EC7FF31405717BF9F4C7B58409B8867802BFD3140F8A7FB5F557B584008ADB03FF1FC3140311EDFFF807B5840DEBA504195F83140D33C4A40C57B584009F868DFBEF53140430B1F803D7C5840E7381F7FC8F33140CE9102403F7C58409EB7EC5E40F13140005AE27F887C584018AC92217BEF314075649BBFBE7C5840A02E93212CEE3140152DF6BFF57C58400633957F49E93140
1041bd79-ee83-4cdc-9d19-e48043dfdd0a,010500000001000000010200000011000000152DF6BFF57C58400633957F49E931405A6F1DA0427D58408098FD3EB1E931404A4BE63F4C7D58402DEA0201BEE931404D2F2500957D58403E16B200F6EB3140B3123960D87D58408D465620D4EC3140050AE6BFF37D5840545BE5A087EC3140EEC21D20FA7D5840B626781FC4EA31401369A9DF147E5840653F86210EEA314001D1BD1F927E5840F4FE918171E93140506D09E0DB7E5840A8C1D15FC9E731404818EF1F248158401F63581F71EB3140D74DAFBF9C815840FADC057F3DEA3140D6485E60D881584041FE1AC00EEB31404B5317A00E82584098C06CE038EE31404A00C3BF5D82584032D92E8125EF3140CEBAFEFFFD825840ED972E01CDEF31402D282D408D8358404E87483F62F03140
1039c780-a06e-4c4f-94d2-5d3d630ab5ae,01050000000100000001020000000B000000152DF6BFF57C58400633957F49E931405E1DD31FC57C5840CAD121E087E73140B6DBD69F7D7C5840BC9002E0E5E6314028A9D25F617C58401291787EF5E53140236DEE5FA37C58402E64BD9E01E53140C67206E02C7D58409A5C2BA0CEE431406D5EF21F677D584000188E41E9E331401B6A0120A87D584062790E1F22E23140C155ED5FE27D58401E5A12C11BDE314094C75C20EF7D5840CE296EA13DDD3140EEDE2C40117E58403EABADFF3CDC3140
e42ecee8-ce06-4a63-8cfc-56d7991174a6,01050000000100000001020000000B0000002D282D408D8358404E87483F62F031402B2CC21F7E84584018B4E61F1BED3140054FF19FC9845840F4FE918171E9314026EE4820588558407DFE735FE3E53140C8BC1BE047865840733928E04FDD314006C55EA05F88584071068A6108D731409232EF9FA68858401AFEAC5F33D63140F19F1DE035895840BF53F27FF0D33140E2ED05E0638958405853A89FA1D23140FFC42DC0C089584024089260BCCC3140727741C0818A58407D20175FD1C83140
8c03e9c4-f6b2-475d-85c5-64b6fbaf91ba,01050000000100000001020000000D0000001D07E73F327558405E1F3FC065E5314021D1ABDFCB74584091C229A1E2E431400FC6C73F90745840F03B41BF02E43140657E530090735840BAADC6DEEFE23140945F3820347358401BE36BFE2FE1314092ED18C00F735840BCBA5A00D8DF3140897AA11F58735840A708EE7EC5DC3140F6776080E9725840645B58C062D63140545760403D7358401D371C3F14D33140EE7608405673584084CEF720D6CF3140D56837601F74584016C772601ACC3140D131A4BF25745840925DF600C3CB3140BF081C006B7458401C525DA017C83140
7516155c-e6e8-4846-b6db-f61350dab298,010500000005000000010200000002000000EAE1EF0E9C6C58404E9E700033D331405A6D04E0986C58409806979F7FD3314001020000000200000008E798E8D56C5840E2EB8DE010D13140258AEEFFCC6C5840A4A5A50D3FD13140010200000002000000798AE0BA796E5840FA091381CCCC31403AEFC59F666E584047C257AD79CD3140010200000002000000F3828BB5FD6E58408E573061AACA3140913CD11FEF6E58409EFB6FDFDECA3140010200000002000000DF2C4A407E6F5840B320F8DE87C73140E6F65CC0776F58400E9146BEB3C73140
c098e145-82ef-41c1-8777-06d221f5e7e2,01050000000100000001020000000B000000DF2C4A407E6F5840B320F8DE87C73140E1825A808B6F5840B2F41C218FC731401CE0EA5FFC6F58403E8E88DECEC73140730F52C0057158400B9B3B8000C631400D2D65C0B67158405EB3485FF7C53140111460E05B725840E659D01E01C73140C9EE20A0BA72584031D8DBFE0BC73140488B1C001C735840F1F8114135C63140E672F49F66735840E11CC5BE4EC63140F9D15380477458401F1966E054C73140BF081C006B7458401C525DA017C83140
68fb5ec0-4ff5-4651-95c4-ac2077a77f69,01050000000100000001020000000A000000B803FADFA78258408C8A9C1FB0B23140BF9359200B835840A008C77F04B43140B1E4FD7F958358409C8A7061EFB4314061461DC0E38358409C205EC0EBB4314069D93860A3845840A09EB4DE00B4314007C11000EE8458408671187F56B43140B90DC03FD286584070703BE0A7BE3140F10FEF7F71875840F246F12080C1314081B41220B287584056219B5EABC3314034E0F6FF99875840699771C05FC73140
d5323852-3303-4755-9806-0a76f52a88d8,01050000000100000001020000001D000000EEDE2C40117E58403EABADFF3CDC314052E1BD3F687E5840C9183EFF83DC314091E444C09A7E58409931E11F27DC3140434BB55FAD7E5840D835D63FCDDA3140EA89F57F987E584094663C5F18D93140C9CA64E0227F58406FBC62FF8BD5314039D3EC5F317F5840BFBD0421F4D33140C33DC1FF1B7F584031064DBF30D23140722DC1DF457F584050951FE15CD031408DAB1C20397F58401BBEF2DE21CF31401EC25F209E7F5840E4E23CC13ACE31401287B8DFB47F5840F9FEA87E2BCD31402C051420A87F5840C3DA403F1CCC31409279C47F238058402A080A80DAC8314016C107E00A805840917ABAFFCCC731405922AC5F6B805840802DAB80B9C53140C3CDEF5FE0805840392DF6BEC3C43140B41BD85F0E81584055F5BFA0B2C33140A1BD9FDF2181584012BC131FFAC13140D26163403381584007CD6F7F74C03140273D4F609781584049B9CD5E33BE3140D62C4F40C1815840604F071F8DBC3140D74DAFBF9C815840C6C1B79E7FBB31401F393BC0A78158401C75F2FFBABA314055C94AA02282584038BA9DBF6AB73140AAC2DADF05825840130870613EB631401115524011825840C46DB9A05CB53140B51FBB1F5F8258405AA66680D0B43140B803FADFA78258408C8A9C1FB0B23140
876a026d-605f-4890-a4f1-c2eaec72acc1,01050000000100000001020000000900000025995F403F865840C2898B3FB1A13140E6031560E08458402B75651F96A431407AE160A08284584022E6DE5EC7A43140AE01E61F41845840FCC14A61F7A5314059420920F4835840FD9C1FFF27A83140A5FCAA1F5D83584060C07B5E7BAA31407B54EE9F1A83584080561141F6AE314067D7EA9FBA825840040575DF81B13140B803FADFA78258408C8A9C1FB0B23140
8ea13afb-8769-4969-b151-019dc641752e,01050000000100000001020000001B000000BAA02EC0349A5840135593FF99A733404227C49FD6995840C6840CBF72A833407021FC7F35995840E1B86BDF6BAE33403B030C00DF985840BCE1121F70AF33400FE92F207898584006A9D020A3AF3340E87FC51FF097584012A0C8BEC8AE33409AC1406036975840ABB88A5FB5AF33403E546000079758406A5FF39E75AF3340A4CAA55FEA965840CEE93A5F4FAF3340576231E03D9658402EFE7FFFB3AD3340C64832807C95584059EE5C6009AB3340398AE29FEC9458406DDEED5F01AA33401B925A40B494584078131DE131A93340AE0043808E94584088E7020053A733405124FF1F9794584090C78FE0E9A433408D5F560098945840FD81C6FEABA433406F19CB1F73945840CFCB840090A33340A6FEC3DF06945840E4C6903EA5A23340F60B08A080935840A5E49F40519F3340771CB85F6E935840A5C01881F89C33401573F3FF809358409A6762406F9B334009A7AFBF5F935840E1D97DA1089A334013FE1740009358403EFEF21E8F973340A416F03FCD9258407CD60C813C963340D313E47F889258402CA668615E9533403F8630C03A925840C4E6693F72923340CB80C8DFC891584028E3179FEF8F3340
c5743347-297a-4f2a-99e2-63a85fcc1f11,010500000001000000010200000012000000EFBE5340CA8B58409962833F8BB43340822D3C80A48B5840DB2D819F6EB233409170F07FAE8B58406FE5B02050B033409F924400DD8B58401AA4DC5EB8AE334012B65000CE8B58407837A4A08AAB3340804CB91FB88B5840A985ECE06DA93340254E3CC0508B58403EDB5DBFEBA43340C337A95F038B584088148260C2A23340D7070140148B5840D5350FC1B19F3340A0249D7FE88A5840EDF4FCFE869B33405C35CA7F4C8A58402CB1E39F7B9533401AD7E15F488A5840E2275D81539533408B32BEBF078A5840F7ADDBDF47943340C4F839E087895840B0F6D83F7A933340EAF11980538958404F54FA3EB99233404AB431A0FB88584006195300DC8D3340830B4AC0B3885840AEEF157F2B8D334030A7CE5F38885840C81CB2DED58C3340
d6b19d9d-5ab1-4f40-b67e-d2b3b6dfd361,010500000001000000010200000020000000459DFBBF8A8C58404079003FECBA334006061CE0C38B5840F6598CC1C7BA33401EA2CD5FD68A58400C144D417ABB3340B10DFA3F548A5840DE38E0E08EBC33407A99F97FF089584084B2ACC0A4BC3340C3861A80638958401A9A538050BE334034DE61003288584038486D3E8DBF3340073657A08F875840780B17A0D0BF3340F00EC81F7D86584091816521A3BF3340C09CF81F41865840425C3C40E2BE33408C81C4FF4686584097A564001ABE33408ED7D43F54865840A658EA9F5FBC33406049440061865840615D7501B2BA334082785F0093865840CC2C1C20DEB8334082785F0093865840222D92BEEDB7334082785F00938658404152523F16B6334082785F0093865840EC7A901E82B433407893C8FFB68658403C6326BFAEB033400470BCFFC58658409CE17D0017AF3340B4CE1FE0B78658404B5C37409FAC3340AD201C80D58658408DBD22FF7EAA334097DEA43FA0865840F6F6DBBEAEA83340E33D33809786584002C2F89EDBA733406EA8072082865840331041DFBEA533409B1538E099865840BADBF30098A43340D9589C7FBB8658406E084680F3A23340C1A0DBDF91875840D680C7607F9833404FEFEE3FC58758409EE65C01FB953340C312FB3FB6875840498101800A92334012AF46000088584091147D607F9033402F35AFFF13885840C8AA4B3F328F334030A7CE5F38885840C81CB2DED58C3340
eaff800d-2156-4fff-975d-b0400b474e17,0105000000010000000102000000040000001FEF3EA0AD8758400A2E3B2064883340E5250720D18758400C83DDC0FD89334065155760E3875840533AE060CB8A334030A7CE5F38885840C81CB2DED58C3340
84e4a206-18fe-4f2e-8faa-6b720ad961e5,0105000000010000000102000000100000001FEF3EA0AD8758400A2E3B2064883340ED440380E38658406262F3DF31893340B4D0B4DF1F86584070C7999F2C8C3340BA7BFCDFA5855840ADC33AC1328D33403A709D7F7C85584016AF14A1179033406715EC7FC285584060C634209C923340BFB7E0DF6385584044F3EFFF8F933340C029004088855840821B6CDF8E9433409CA4D4FF48855840DCEA5121A1943340AAE4CC9FF6845840AF1A60FFD2953340B62109E0478458400A53B43F729A33405A29B65F398458406AF59240339B3340073209001E845840C8F1C880929C334031F318401B84584080F43AFF199E33402E7E3D809A835840F4AA31BF2BA033406F88AA5FF982584088AA6FBFBEA23340
ee8e8f3f-ef9d-41c5-be34-242820c3c8f3,01050000000100000001020000000D0000001FEF3EA0AD8758400A2E3B20648833407C5C1F00DD875840C0D08FBF34883340830DDFBF1B885840823E013F3287334046CD3680568858406322395F2082334003FD2E002E885840662CA6408B7C334007E6BE1F3B885840DCC6693FE479334036C7A33FDF875840C6CF157F9D743340557F4E8028885840102A9A9F4F723340C56BC7DF1F885840C2DDC2BEB86C3340846033A0CC87584017E20340BC693340B6255780B9875840012843C0096933403C75A79FC18758405914ED002665334098DFCB9F948758401EB3796164633340
8c7a2b98-33b6-476c-927a-036710988cab,0105000000010000000102000000110000005EA7E9DF708A5840E004B81FA95D33400A3F4480258B58407C937CE00A60334070B3F4DFA08B584041826BBE9A6033402A00D5FF238C58409C089FDE84603340C41DE8FFD48C5840CA6E7E5F4F5F33401887B4BF148D58406E525DE0685F334013680640628E5840D06D65411C643340E02E2E00E98E58406DE31D8142643340F4AEED5FA58F58405CB76E810A6233403ABCB25F2090584054DF359F1362334003D7B99F8C905840DD85BD5E1D633340A415C9DFD89158400CAB51218563334004BA3CE001925840043D2BE09163334028D3C07FD592584037049D8067653340A233D8DF78935840A0407D8014663340A1C2DFDF4894584035BA751EEB633340922DFE5F82955840D18EC5C0F7633340
3b3afb2e-b762-4b1b-bcc9-3fa35b4738f3,0105000000010000000102000000050000005EA7E9DF708A5840E004B81FA95D3340311EAAFF418A584000D97180095E334038A94D00C08858400D1DB8C028613340BFBDC37F3D885840CA92051FA861334098DFCB9F948758401EB3796164633340
d5ee3699-8df3-4029-8430-7c1b87013b3f,010500000001000000010200000013000000D25D15A0C17D5840D0B481601859334023FD1CC0677E584032F1E940A75D3340B8E0E0BFC27E5840B0B3489F485D33403A450CC0557F5840E872DE609C5D33406FD25F40747F5840DE192820135C3340518A3F60E77F584082FD06A12C5C334031D0FF1F3680584000B5EAC0B05B3340B854000070805840F0B4167F715933407DA7D79FAA80584076E59B1E0659334072BDEF3F0A815840A6A01D406A593340B58B62C0CA815840423A5D3FE95B33402A44EE7F448358402DB4DEE0F45C3340352C41E07C835840A5523E601F5E3340930B41A0D083584082218E60855E33407619310051845840EE45D71F4B5E3340C281A57FFD845840B65A66A0FE5D3340BF993CC0E4855840DB76A69F2E5F334030A6A7FF43875840A761551F0E62334098DFCB9F948758401EB3796164633340
