record_id,town/district_name,created_time
zcrm_361303000000401941,Mae Na Jang,2021-09-22 17:33:58
zcrm_361303000000401954,Mae La Noi,2021-09-22 17:34:13
zcrm_361303000000401970,Ban Mae Na Jang Tai,2021-09-22 17:36:05
zcrm_361303000000401980,Ban Mae Kheed,2021-09-22 17:36:28
zcrm_361303000000461047,Mae U-Khor,2021-09-27 10:33:00
zcrm_361303000000461057,Khun Yuam,2021-09-27 10:40:14
zcrm_361303000000461077,Khun Yuam Wittaya,2021-09-27 10:41:32
zcrm_361303000000461087,Ban Kham Suk,2021-09-27 10:41:40
zcrm_361303000000521090,Mae Sariang,2021-10-27 14:43:03
zcrm_361303000000521157,Sang Waln Wittaya,2021-10-27 14:47:26
zcrm_361303000000521194,Ban Mae Ho,2021-10-27 14:49:13
zcrm_361303000000522050,Ban Huay Peung Mai,2021-10-28 11:22:10
zcrm_361303000000528033,Ban Huay San,2021-10-28 12:32:09
zcrm_361303000000528034,Ban Mae Khi,2021-10-28 12:32:09
zcrm_361303000000528035,Ban Mae Sapei Tai,2021-10-28 12:32:09
zcrm_361303000000528036,Ban Mae Tho,2021-10-28 12:32:09
zcrm_361303000000528037,Ban Pha Larn,2021-10-28 12:32:09
zcrm_361303000000528038,Mae La Noi Duransik,2021-10-28 12:32:09
zcrm_361303000000528039,Ban Huay Pueng Mai,2021-10-28 12:32:09
zcrm_361303000000528040,Ban Mae La Pa Wai,2021-10-28 12:32:09
zcrm_361303000000528041,Ban Mae Tho Tai,2021-10-28 12:32:09
zcrm_361303000000528042,Mae Sariang Vocational College,2021-10-28 12:32:09
zcrm_361303000000528044,Chiang Rai Rajaphat University,2021-10-28 12:32:09
zcrm_361303000000528045,Mae Hong Son Rajaphat University,2021-10-28 12:32:09
zcrm_361303000000528046,Burapha University,2021-10-28 12:32:09
zcrm_361303000000528047,Ban Mae oom Pai,2021-10-28 12:32:09
zcrm_361303000000528048,Chaing Mai Rajaphat University,2021-10-28 12:32:09
zcrm_361303000000528049,Chiang Mai Technical College,2021-10-28 12:32:09
zcrm_361303000000528050,Lampang Rajabhat University,2021-10-28 12:32:09
zcrm_361303000000528051,Mahamakut Ratchawittayalai University,2021-10-28 12:32:09
zcrm_361303000000528052,Chomthong Industrial and Community Education College,2021-10-28 12:32:09
zcrm_361303000000528053,Ban Mae Oompai Nua,2021-10-28 12:32:09
zcrm_361303000000528054,Ban Mae Yuam Luang,2021-10-28 12:32:09
zcrm_361303000000528055,Ban Aa Ngiew,2021-10-28 12:32:09
zcrm_361303000000534466,Mae La Noi Raj Ba Cha,2021-10-28 17:03:25
zcrm_361303000000534476,Ban Khun Mae La Noi,2021-10-28 17:04:32
zcrm_361303000000543045,Ban Pa Maak,2021-11-01 16:03:52
zcrm_361303000000546007,Ban Pattana Poo Koo,2021-11-01 16:26:04
zcrm_361303000000546079,Ban Kok Luang,2021-11-01 16:58:05
zcrm_361303000000654011,Ban Pho So,2021-11-19 08:27:23
zcrm_361303000000667033,Mae Chaem,2021-11-22 08:00:13
zcrm_361303000000667043,Ban Pha La Pi Tai,2021-11-22 08:03:17
zcrm_361303000000704013,Ban Huay Ton Noon,2021-11-26 04:58:43
zcrm_361303000000704067,Ban Huay Hia,2021-11-26 05:28:05
zcrm_361303000000704077,Ban Po Saw,2021-11-26 05:28:51
zcrm_361303000000707052,Ban Hua Mae Tho,2021-11-26 07:05:16
zcrm_361303000000707122,Ban Mae Lor,2021-11-26 07:48:59
zcrm_361303000000707256,Ban Huay Na,2021-11-26 09:09:30
zcrm_361303000000716100,Ban Nong Heang,2021-11-28 05:58:33
zcrm_361303000000716147,Muang,2021-11-28 06:29:51
zcrm_361303000000716157,Mae Hong Son,2021-11-28 06:30:15
zcrm_361303000000716167,Ban Mae Ja,2021-11-28 06:33:57
zcrm_361303000000716235,Ban Sa La Jiang Tong,2021-11-28 06:56:59
zcrm_361303000000814174,Ban Mae Poon,2021-12-21 12:26:42
zcrm_361303000001197151,Ban Mae Suk,2022-03-09 09:07:50
zcrm_361303000001443554,Mai La Noi,2022-05-12 10:38:18
zcrm_361303000001443590,Ban Huay Poo Ling School,2022-05-12 11:08:05
zcrm_361303000001455082,Ban Mae Tia,2022-05-12 16:42:17
zcrm_361303000001611122,Lamphun Vocational College,2022-06-01 06:53:32
zcrm_361303000001611318,Rajamangala Lanna University of Technology,2022-06-01 08:01:18
zcrm_361303000001611404,Chiang Mai Vocational College,2022-06-01 08:09:11
zcrm_361303000001611440,Mae Hong Son Vocational College,2022-06-01 08:13:18
zcrm_361303000001611522,Phayao College of Agriculture and Technology,2022-06-01 08:21:19
zcrm_361303000001611586,Sob Moei,2022-06-01 08:27:30
zcrm_361303000001699023,Mae Sot Technical College,2022-06-20 07:14:32
zcrm_361303000001881109,Anu Ban Mae La Noi School,2022-07-25 11:02:46
zcrm_361303000001881110,Ba Hua Mae Surin,2022-07-25 11:02:46
zcrm_361303000001881111,Ban Chan,2022-07-25 11:02:46
zcrm_361303000001881112,Ban Fak Thong,2022-07-25 11:02:46
zcrm_361303000001881113,Ban Goong Song Nua,2022-07-25 11:02:46
zcrm_361303000001881114,Ban Goong Sum Tai,2022-07-25 11:02:46
zcrm_361303000001881115,Ban Hak Mai Tai School,2022-07-25 11:02:46
zcrm_361303000001881116,Ban Hua La,2022-07-25 11:02:46
zcrm_361303000001881117,Ban Huang Muang School,2022-07-25 11:02:46
zcrm_361303000001881118,Ban Huay Dua School,2022-07-25 11:02:46
zcrm_361303000001881119,Ban Huay Hia Klang,2022-07-25 11:02:46
zcrm_361303000001881120,Ban Huay Kai Pa,2022-07-25 11:02:46
zcrm_361303000001881121,Ban Huay Kung,2022-07-25 11:02:46
zcrm_361303000001881122,Ban Huay Ma Kok,2022-07-25 11:02:46
zcrm_361303000001881123,Ban Huay Mak Noon,2022-07-25 11:02:46
zcrm_361303000001881124,Ban Huay Mueang School,2022-07-25 11:02:46
zcrm_361303000001881125,Ban Huay Ngao,2022-07-25 11:02:46
zcrm_361303000001881126,Ban Huay Pla Kang,2022-07-25 11:02:46
zcrm_361303000001881127,Ban Khun Mae La,2022-07-25 11:02:46
zcrm_361303000001881128,Ban Khun Mae Ruam,2022-07-25 11:02:46
zcrm_361303000001881129,Ban Khun Wong Nua School,2022-07-25 11:02:46
zcrm_361303000001881130,Ban Khun Wong Tai,2022-07-25 11:02:46
zcrm_361303000001881131,Ban Mae Hong,2022-07-25 11:02:46
zcrm_361303000001881132,Ban Mae Hu,2022-07-25 11:02:46
zcrm_361303000001881133,Ban Mae Jae,2022-07-25 11:02:46
zcrm_361303000001881134,Ban Mae Jang,2022-07-25 11:02:46
zcrm_361303000001881135,Ban Mae Jo,2022-07-25 11:02:46
zcrm_361303000001881136,Ban Mae Keed,2022-07-25 11:02:46
zcrm_361303000001881137,Ban Mae Khae Noi,2022-07-25 11:02:46
zcrm_361303000001881138,Ban Mae Kwang Nua,2022-07-25 11:02:46
zcrm_361303000001881139,Ban Mae La Ka,2022-07-25 11:02:46
zcrm_361303000001881140,Ban Mae La Luang,2022-07-25 11:02:46
zcrm_361303000001881141,Ban Mae Lamong Tai,2022-07-25 11:02:46
zcrm_361303000001881142,Ban Mae Ler,2022-07-25 11:02:46
zcrm_361303000001881143,Ban Mae Lid- Luang,2022-07-25 11:02:46
zcrm_361303000001881144,Ban Mae Lid School,2022-07-25 11:02:46
zcrm_361303000001881145,Ban Mae Na Chon,2022-07-25 11:02:46
zcrm_361303000001881146,Ban Mae Na Jang Nua,2022-07-25 11:02:46
zcrm_361303000001881147,Ban Mae Na Jon,2022-07-25 11:02:46
zcrm_361303000001881148,Ban Mae Pang Nok,2022-07-25 11:02:46
zcrm_361303000001881149,Ban Mae Rid Luang,2022-07-25 11:02:46
zcrm_361303000001881150,Ban Mae Sa Pueng Tai,2022-07-25 11:02:46
zcrm_361303000001881151,Ban Mae Sapae Nua,2022-07-25 11:02:46
zcrm_361303000001881152,Ban Mae Su,2022-07-25 11:02:46
zcrm_361303000001881153,Ban Mae Tho Klang,2022-07-25 11:02:46
zcrm_361303000001881154,Ban Mae To and Ban Oom Pai Nua,2022-07-25 11:02:46
zcrm_361303000001881155,Ban Mae Yod School,2022-07-25 11:02:46
zcrm_361303000001881156,Ban Mueng Pong,2022-07-25 11:02:46
zcrm_361303000001881157,Ban Na ngiu,2022-07-25 11:02:46
zcrm_361303000001881158,Ban Nam Som,2022-07-25 11:02:46
zcrm_361303000001881159,Ban Nong Khiew School,2022-07-25 11:02:46
zcrm_361303000001881160,Ban Nong Mae La,2022-07-25 11:02:46
zcrm_361303000001881161,Ban Nong Muam School,2022-07-25 11:02:46
zcrm_361303000001881162,Ban Nonghaeng,2022-07-25 11:02:46
zcrm_361303000001881163,Ban Omlarn,2022-07-25 11:02:46
zcrm_361303000001881164,Ban Pa La Pi Tai,2022-07-25 11:02:46
zcrm_361303000001881165,Ban Pa Larn,2022-07-25 11:02:46
zcrm_361303000001881166,Ban Pa Pong Tan,2022-07-25 11:02:46
zcrm_361303000001881167,Ban Pang Tong,2022-07-25 11:02:46
zcrm_361303000001881168,Ban Paphae,2022-07-25 11:02:46
zcrm_361303000001881169,Ban Paw Naw Khi,2022-07-25 11:02:46
zcrm_361303000001881170,Ban Paw Saw School,2022-07-25 11:02:46
zcrm_361303000001881171,Ban Pha Aeh Doo,2022-07-25 11:02:46
zcrm_361303000001881172,Ban Pha Dang Nua,2022-07-25 11:02:46
zcrm_361303000001881173,Ban Prabart Huay Phueng,2022-07-25 11:02:46
zcrm_361303000001881174,Ban Sad Huay Na,2022-07-25 11:02:46
zcrm_361303000001881175,Ban Sam Laeb,2022-07-25 11:02:46
zcrm_361303000001881176,Ban Siwader,2022-07-25 11:02:46
zcrm_361303000001881177,Ban Tha Song Khwae,2022-07-25 11:02:46
zcrm_361303000001881178,Ban Wa No,2022-07-25 11:02:46
zcrm_361303000001881179,Ban Wa Thoo,2022-07-25 11:02:46
zcrm_361303000001881180,Bangkok Rarmkumhang Uni,2022-07-25 11:02:46
zcrm_361303000001881181,Boromarajonani Collage of Nursing Payao,2022-07-25 11:02:46
zcrm_361303000001881182,Buripat Suksa Mae Sariang,2022-07-25 11:02:46
zcrm_361303000001881183,Chaem Luang,2022-07-25 11:02:46
zcrm_361303000001881184,Chaiang Mai Commercial Collge,2022-07-25 11:02:46
zcrm_361303000001881185,Chaing Mai University,2022-07-25 11:02:46
zcrm_361303000001881186,Chiang Mai College of Agriculture and Technology,2022-07-25 11:02:46
zcrm_361303000001881187,Chiang Mai Sanapatong College,2022-07-25 11:02:46
zcrm_361303000001881188,Don Bosco Technical School Bang KoK,2022-07-25 11:02:46
zcrm_361303000001881189,HCTC,2022-07-25 11:02:46
zcrm_361303000001881190,Hua Mae Surin,2022-07-25 11:02:46
zcrm_361303000001881191,Huay Pong,2022-07-25 11:02:46
zcrm_361303000001881192,Huay Poo Ling,2022-07-25 11:02:46
zcrm_361303000001881193,In the village,2022-07-25 11:02:46
zcrm_361303000001881194,Kampaengpet rachaphat uni,2022-07-25 11:02:46
zcrm_361303000001881195,Kanlaya Niwattana,2022-07-25 11:02:46
zcrm_361303000001881196,Korkha Vocational Coollege Lampang,2022-07-25 11:02:46
zcrm_361303000001881197,Ladkrabang University ( Bangkok ),2022-07-25 11:02:46
zcrm_361303000001881198,Lam Phun Technology College,2022-07-25 11:02:46
zcrm_361303000001881199,Lampang College,2022-07-25 11:02:46
zcrm_361303000001881200,Long Phae Wittaya,2022-07-25 11:02:46
zcrm_361303000001881201,Lopburi Coll of Agriculture & Tech,2022-07-25 11:02:46
zcrm_361303000001881202,Ma La Noi,2022-07-25 11:02:46
zcrm_361303000001881203,Mae Chaem Wittaya Khom,2022-07-25 11:02:46
zcrm_361303000001881204,Mae Ho,2022-07-25 11:02:46
zcrm_361303000001881207,Mae Jo University,2022-07-25 11:02:46
zcrm_361303000001881208,Mae Khong,2022-07-25 11:02:46
zcrm_361303000001881209,Mae Ki,2022-07-25 11:02:46
zcrm_361303000001881210,Mae La Luang,2022-07-25 11:02:46
zcrm_361303000001881211,Mae Na Chon,2022-07-25 11:02:46
zcrm_361303000001881212,Mae Ngao,2022-07-25 11:02:46
zcrm_361303000001881213,Mae Oo Khor,2022-07-25 11:02:46
zcrm_361303000001881214,Mae Sa Laep,2022-07-25 11:02:46
zcrm_361303000001881215,Mae Sam Laeb,2022-07-25 11:02:46
zcrm_361303000001881217,Mae Sariang Industrial And Community Education College,2022-07-25 11:02:46
zcrm_361303000001881219,Mae Suad,2022-07-25 11:02:46
zcrm_361303000001881220,Mae Suek,2022-07-25 11:02:46
zcrm_361303000001881221,Mae Suk,2022-07-25 11:02:46
zcrm_361303000001881222,Mae Tho,2022-07-25 11:02:46
zcrm_361303000001881223,Mae Yuam Noi,2022-07-25 11:02:46
zcrm_361303000001881224,Naresuan Phayao Uni.,2022-07-25 11:02:46
zcrm_361303000001881225,Nawamin Mae Hong Son,2022-07-25 11:02:46
zcrm_361303000001881226,Pa Bong,2022-07-25 11:02:46
zcrm_361303000001881227,Pa Pae,2022-07-25 11:02:46
zcrm_361303000001881228,Pa Phae,2022-07-25 11:02:46
zcrm_361303000001881229,Pa Pong,2022-07-25 11:02:46
zcrm_361303000001881230,Pai,2022-07-25 11:02:46
zcrm_361303000001881231,Pang Ma Pa,2022-07-25 11:02:46
zcrm_361303000001881232,Payap University,2022-07-25 11:02:46
zcrm_361303000001881233,Pha Bong,2022-07-25 11:02:46
zcrm_361303000001881234,Pibulssonggkram Pisanoolok University,2022-07-25 11:02:46
zcrm_361303000001881235,Rachaphat Lampang University,2022-07-25 11:02:46
zcrm_361303000001881237,Rajaphat Suandusit,2022-07-25 11:02:46
zcrm_361303000001881238,Rajaphat Udon Tha Nee University,2022-07-25 11:02:46
zcrm_361303000001881239,Ramkhamhaeng University Bangkok,2022-07-25 11:02:46
zcrm_361303000001881240,Rat Pra Cha,2022-07-25 11:02:46
zcrm_361303000001881241,Rattana,2022-07-25 11:02:46
zcrm_361303000001881243,Sa La Jiang Tong School,2022-07-25 11:02:46
zcrm_361303000001881244,Sahamith School,2022-07-25 11:02:46
zcrm_361303000001881245,Samakkee School,2022-07-25 11:02:46
zcrm_361303000001881246,Sanpatong vocational college,2022-07-25 11:02:46
zcrm_361303000001881247,Santi Khee Ree,2022-07-25 11:02:46
zcrm_361303000001881248,Sao Hin,2022-07-25 11:02:46
zcrm_361303000001881249,Seree Wittaya,2022-07-25 11:02:46
zcrm_361303000001881251,Sri Sang Wan,2022-07-25 11:02:46
zcrm_361303000001881252,Srinakharinwirot University Bang KoK,2022-07-25 11:02:46
zcrm_361303000001881253,Suk Sasong Krow Mae Hong Son,2022-07-25 11:02:46
zcrm_361303000001881254,Sun Ti khee Ree,2022-07-25 11:02:46
zcrm_361303000001881255,Sutranari University,2022-07-25 11:02:46
zcrm_361303000001881256,Technology Loburi Vocational college,2022-07-25 11:02:46
zcrm_361303000001881257,Tha Pha Pum,2022-07-25 11:02:46
zcrm_361303000001881258,Thoen Teachnology Commercail college,2022-07-25 11:02:46
zcrm_361303000001881259,Walailongkorn Rajaphat Uni,2022-07-25 11:02:46
zcrm_361303000001881260,Wat Chan,2022-07-25 11:02:46
zcrm_361303000001881261,Yonok University Lam Pang,2022-07-25 11:02:46
zcrm_361303000002044145,Tha Song Yang,2022-08-04 05:25:51
zcrm_361303000002409206,Ban Pang Ung,2022-11-04 10:31:15
zcrm_361303000002409231,Ban Pong Ung,2022-11-04 10:33:22
zcrm_361303000002447347,Ban Mae La Ngew,2022-11-18 14:20:19
zcrm_361303000002929131,Ban Eh Vee Jo,2023-05-03 11:53:37
zcrm_361303000002929168,Khri Khee,2023-05-03 14:17:45
