Record Id,Old Attachment Id,Attachment Owner.id,Modified By.id,Created By.id,Created Time,Modified Time,File Name,Parent.id,Documents,Link URL,Field.id
9a9ov4f2c322cef754192a15582a80544c1c8_c4ff24e0-02ff-4ad4-b1b6-6f68162c2b22.jpg,zcrm_361303000002166028,zcrm_361303000000269001,zcrm_361303000000269001,zcrm_361303000000269001,2022-08-19 10:15:16,2022-08-19 10:15:16,c4ff24e0-02ff-4ad4-b1b6-6f68162c2b22.jpg,zcrm_361303000002166027,false,,
9oprmc9ef4043af9a4aa38c8beb8982463bb3_3a8b2dc3-d704-4354-956a-e879faff4495.jpg,zcrm_361303000002280005,zcrm_361303000000269001,zcrm_361303000000269001,zcrm_361303000000269001,2022-09-22 09:30:06,2022-09-22 09:30:06,3a8b2dc3-d704-4354-956a-e879faff4495.jpg,zcrm_361303000002280004,false,,
9oprma076a723ed0d46ebbca1e69e889d610c_10390965-df56-41c6-a540-21aebae64a4c.jpg,zcrm_361303000002280016,zcrm_361303000000269001,zcrm_361303000000269001,zcrm_361303000000269001,2022-09-22 09:30:52,2022-09-22 09:30:52,10390965-df56-41c6-a540-21aebae64a4c.jpg,zcrm_361303000002280015,false,,
9pplr6cf47981c0134f23abfb94d052e9512b_a1e7bd51-7847-49c5-8dd5-e33ec4e339fd.jpg,zcrm_361303000002304059,zcrm_361303000000269001,zcrm_361303000000269001,zcrm_361303000000269001,2022-09-28 04:22:34,2022-09-28 04:22:34,a1e7bd51-7847-49c5-8dd5-e33ec4e339fd.jpg,zcrm_361303000002304058,false,,
9pplr6dc62caa5101458d9916cd681cd5821f_67048a0a-69c2-48f4-a481-b0093f8224a6.jpg,zcrm_361303000002304070,zcrm_361303000000269001,zcrm_361303000000269001,zcrm_361303000000269001,2022-09-28 04:23:09,2022-09-28 04:23:09,67048a0a-69c2-48f4-a481-b0093f8224a6.jpg,zcrm_361303000002304069,false,,
9pplre541303db7944c398eae39d8e712a8c7_367f9ca8-4245-4ee1-a391-0aa5240e4efe.jpg,zcrm_361303000002304081,zcrm_361303000000269001,zcrm_361303000000269001,zcrm_361303000000269001,2022-09-28 04:23:41,2022-09-28 04:23:41,367f9ca8-4245-4ee1-a391-0aa5240e4efe.jpg,zcrm_361303000002304080,false,,
9pplr2d265db94da74867a2d7b07bec687bae_f7eccb06-37a5-4f33-bc96-afe861966bea.jpg,zcrm_361303000002304092,zcrm_361303000000269001,zcrm_361303000000269001,zcrm_361303000000269001,2022-09-28 04:33:56,2022-09-28 04:33:56,f7eccb06-37a5-4f33-bc96-afe861966bea.jpg,zcrm_361303000002304091,false,,
9pplra62e5455cc6c4163aae977c9c4c4eee0_3466a374-b134-4723-97d8-a15beac0f967.jpg,zcrm_361303000002304103,zcrm_361303000000269001,zcrm_361303000000269001,zcrm_361303000000269001,2022-09-28 04:34:16,2022-09-28 04:34:16,3466a374-b134-4723-97d8-a15beac0f967.jpg,zcrm_361303000002304102,false,,
9pplr4d2f6d2d333c4a46b10c40e0070bacf8_c06c20d8-6478-47a1-8414-61be9b83274a.jpg,zcrm_361303000002304114,zcrm_361303000000269001,zcrm_361303000000269001,zcrm_361303000000269001,2022-09-28 04:34:32,2022-09-28 04:34:32,c06c20d8-6478-47a1-8414-61be9b83274a.jpg,zcrm_361303000002304113,false,,
9sg8gafb37929ead547db97a05cb381340d45_8fed90d0-4cf4-4f4a-b531-fe04d72d2e39.jpg,zcrm_361303000002320023,zcrm_361303000000269001,zcrm_361303000000269001,zcrm_361303000000269001,2022-09-30 04:05:08,2022-09-30 04:05:08,8fed90d0-4cf4-4f4a-b531-fe04d72d2e39.jpg,zcrm_361303000002320022,false,,
9sg8gd6f5562ee1854e639b366003511566d5_93dc3dd9-d58d-4c7b-8085-a9cdb399effe.jpg,zcrm_361303000002320034,zcrm_361303000000269001,zcrm_361303000000269001,zcrm_361303000000269001,2022-09-30 04:05:27,2022-09-30 04:05:27,93dc3dd9-d58d-4c7b-8085-a9cdb399effe.jpg,zcrm_361303000002320033,false,,
9sg8g9dc748ed5eaa40e1b7c78cfdf845a2bf_EntityImageAttach.jpg,zcrm_361303000002320045,zcrm_361303000000269001,zcrm_361303000000269001,zcrm_361303000000269001,2022-09-30 04:07:33,2022-09-30 04:07:33,EntityImageAttach.jpg,zcrm_361303000002320044,false,,
9sg8g17ed7d7a347b4257bdb319a70a76e96a_EntityImageAttach-1.jpg,zcrm_361303000002320056,zcrm_361303000000269001,zcrm_361303000000269001,zcrm_361303000000269001,2022-09-30 04:08:02,2022-09-30 04:08:02,EntityImageAttach-1.jpg,zcrm_361303000002320055,false,,
3ju68012f95f512ac4faaaeaa97f7a685cc49_25add91b-af59-4522-bc20-4a35c8fb98b7.jpg,zcrm_361303000002355004,zcrm_361303000000269001,zcrm_361303000000269001,zcrm_361303000000269001,2022-10-11 10:26:01,2022-10-11 10:26:01,25add91b-af59-4522-bc20-4a35c8fb98b7.jpg,zcrm_361303000002355003,false,,
3ju68254c7b87087a42da815e941a93bdc909_48579ed9-11a6-4173-8672-ab352bf490f8.jpg,zcrm_361303000002355015,zcrm_361303000000269001,zcrm_361303000000269001,zcrm_361303000000269001,2022-10-11 10:26:46,2022-10-11 10:26:46,48579ed9-11a6-4173-8672-ab352bf490f8.jpg,zcrm_361303000002355014,false,,
3ju6832cbdb9c382749b9ae79634ca7a299ed_7cb0647d-c61d-45b1-a606-d5d609d0b80a.jpg,zcrm_361303000002355026,zcrm_361303000000269001,zcrm_361303000000269001,zcrm_361303000000269001,2022-10-11 10:27:24,2022-10-11 10:27:24,7cb0647d-c61d-45b1-a606-d5d609d0b80a.jpg,zcrm_361303000002355025,false,,
"3ju68271f644760f0420a8176e40d98cca15b_Ban Huay Keaw lang, at the Tap.jpg",zcrm_361303000002355079,zcrm_361303000000269001,zcrm_361303000000269001,zcrm_361303000000269001,2022-10-11 10:35:44,2022-10-11 10:35:44,"Ban Huay Keaw lang, at the Tap.jpg",zcrm_361303000002355078,false,,
"3ju68813fed7891c845c7b104f1ca383f3bf3_Ban Huay Keaw Lang, Water source.jpg",zcrm_361303000002355090,zcrm_361303000000269001,zcrm_361303000000269001,zcrm_361303000000269001,2022-10-11 10:36:26,2022-10-11 10:36:26,"Ban Huay Keaw Lang, Water source.jpg",zcrm_361303000002355089,false,,
"3ju684420a6ee3d7b42768810a70033b2a027_Ban Huay Keaw Lang, after filter tank.jpg",zcrm_361303000002355101,zcrm_361303000000269001,zcrm_361303000000269001,zcrm_361303000000269001,2022-10-11 10:37:07,2022-10-11 10:37:07,"Ban Huay Keaw Lang, after filter tank.jpg",zcrm_361303000002355100,false,,
9yp3z9b55c460add146f69ef42bcc12164e43_99436c68-ac81-4be6-9c55-e6b9a12e8c32.jpg,zcrm_361303000002378004,zcrm_361303000000269001,zcrm_361303000000269001,zcrm_361303000000269001,2022-10-21 08:23:52,2022-10-21 08:23:52,99436c68-ac81-4be6-9c55-e6b9a12e8c32.jpg,zcrm_361303000002378003,false,,
9yp3z7235235ed81c4e53a369d644be222b86_448c9518-6036-4f5e-ba77-caee5cf0347a.jpg,zcrm_361303000002378015,zcrm_361303000000269001,zcrm_361303000000269001,zcrm_361303000000269001,2022-10-21 08:24:22,2022-10-21 08:24:22,448c9518-6036-4f5e-ba77-caee5cf0347a.jpg,zcrm_361303000002378014,false,,
9yp3z456a15fb0d274fbdae6a3f5fb0b0fd9e_8e8e4bb5-008b-4228-bbb1-4f29da047dfe.jpg,zcrm_361303000002378026,zcrm_361303000000269001,zcrm_361303000000269001,zcrm_361303000000269001,2022-10-21 08:24:44,2022-10-21 08:24:44,8e8e4bb5-008b-4228-bbb1-4f29da047dfe.jpg,zcrm_361303000002378025,false,,
9yp3z8d6b82067f6d41f4b35aac704ca045ce_da0a6875-04f4-407f-9f37-69e8375b0320.jpg,zcrm_361303000002378037,zcrm_361303000000269001,zcrm_361303000000269001,zcrm_361303000000269001,2022-10-21 08:25:50,2022-10-21 08:25:50,da0a6875-04f4-407f-9f37-69e8375b0320.jpg,zcrm_361303000002378036,false,,
9yp3z3cbefacac84544bc872489d2a42f75d0_9cd91f19-1c7f-47af-a42b-a74538ced646.jpg,zcrm_361303000002378048,zcrm_361303000000269001,zcrm_361303000000269001,zcrm_361303000000269001,2022-10-21 08:26:14,2022-10-21 08:26:14,9cd91f19-1c7f-47af-a42b-a74538ced646.jpg,zcrm_361303000002378047,false,,
9yp3z795ccdbd25f946b3a1b6af94da6a5347_29345857-9bd7-4765-b4aa-bc1462f012c9.jpg,zcrm_361303000002378059,zcrm_361303000000269001,zcrm_361303000000269001,zcrm_361303000000269001,2022-10-21 08:26:42,2022-10-21 08:26:42,29345857-9bd7-4765-b4aa-bc1462f012c9.jpg,zcrm_361303000002378058,false,,
9ywmq18b94780f14143a4b8b52e9daa5deb85_cbf09f93-3254-4d4c-8ab9-cda54638c139.jpg,zcrm_361303000002388046,zcrm_361303000000269001,zcrm_361303000000269001,zcrm_361303000000269001,2022-10-25 09:55:47,2022-10-25 09:55:47,cbf09f93-3254-4d4c-8ab9-cda54638c139.jpg,zcrm_361303000002388045,false,,
9ywmqd484486e6694494b85ad53480c617f22_ea83dd8a-95c0-4829-a48a-22ab6aa8128a.jpg,zcrm_361303000002388057,zcrm_361303000000269001,zcrm_361303000000269001,zcrm_361303000000269001,2022-10-25 09:56:21,2022-10-25 09:56:21,ea83dd8a-95c0-4829-a48a-22ab6aa8128a.jpg,zcrm_361303000002388056,false,,
9ywmq41ee8aae86104dc78ea96dfa674cc4f6_61746aea-90ca-473e-89d0-a7c6adb272c6.jpg,zcrm_361303000002388068,zcrm_361303000000269001,zcrm_361303000000269001,zcrm_361303000000269001,2022-10-25 09:56:53,2022-10-25 09:56:53,61746aea-90ca-473e-89d0-a7c6adb272c6.jpg,zcrm_361303000002388067,false,,
9ywmq7f51f6fc161b4534ad6ec2d08f535f66_38a29cff-ff51-422a-8fb6-66231401c240.jpg,zcrm_361303000002388079,zcrm_361303000000269001,zcrm_361303000000269001,zcrm_361303000000269001,2022-10-25 09:58:36,2022-10-25 09:58:36,38a29cff-ff51-422a-8fb6-66231401c240.jpg,zcrm_361303000002388078,false,,
9ywmq3309f73a4eb141c585c4cbffdf73521a_1c818080-3bb0-4fe6-9198-8f04829cc40d.jpg,zcrm_361303000002388090,zcrm_361303000000269001,zcrm_361303000000269001,zcrm_361303000000269001,2022-10-25 09:59:05,2022-10-25 09:59:05,1c818080-3bb0-4fe6-9198-8f04829cc40d.jpg,zcrm_361303000002388089,false,,
9ywmq8e497aa002834fdeb73681fc2596f903_2ca4a86e-122b-4647-9e55-e46ff16fdf0d.jpg,zcrm_361303000002388101,zcrm_361303000000269001,zcrm_361303000000269001,zcrm_361303000000269001,2022-10-25 09:59:37,2022-10-25 09:59:37,2ca4a86e-122b-4647-9e55-e46ff16fdf0d.jpg,zcrm_361303000002388100,false,,
9ywmq32e18f70e9cb44949c5238b742037477_5363414b-9eb9-47c6-aba1-342acf5a7f2c.jpg,zcrm_361303000002388112,zcrm_361303000000269001,zcrm_361303000000269001,zcrm_361303000000269001,2022-10-25 10:00:46,2022-10-25 10:00:46,5363414b-9eb9-47c6-aba1-342acf5a7f2c.jpg,zcrm_361303000002388111,false,,
9ywmq1515ea5ac1eb4d81a9c3ae912316e3d4_00c99c77-9a9d-4939-9e96-4a8c71b9f8ea.jpg,zcrm_361303000002388123,zcrm_361303000000269001,zcrm_361303000000269001,zcrm_361303000000269001,2022-10-25 10:01:10,2022-10-25 10:01:10,00c99c77-9a9d-4939-9e96-4a8c71b9f8ea.jpg,zcrm_361303000002388122,false,,
a00g4fded98ed1dac4279b4dab964ca809112_69508b37-cf4a-4d33-8134-b14288106b54.jpg,zcrm_361303000002397004,zcrm_361303000000269001,zcrm_361303000000269001,zcrm_361303000000269001,2022-10-31 13:23:51,2022-10-31 13:23:51,69508b37-cf4a-4d33-8134-b14288106b54.jpg,zcrm_361303000002397003,false,,
a00g4309c58b148834cae8dee2a9ff2b1c5f1_e8c68d81-188a-4c33-ae3a-3df84dd9e814.jpg,zcrm_361303000002397015,zcrm_361303000000269001,zcrm_361303000000269001,zcrm_361303000000269001,2022-10-31 13:48:11,2022-10-31 13:48:11,e8c68d81-188a-4c33-ae3a-3df84dd9e814.jpg,zcrm_361303000002397014,false,,
a00g45f1795e7e0554c9a96b65982e8655c53_576ed74a-cfcd-42a3-8bb1-f0dd73703b7b.jpg,zcrm_361303000002397026,zcrm_361303000000269001,zcrm_361303000000269001,zcrm_361303000000269001,2022-10-31 13:48:37,2022-10-31 13:48:37,576ed74a-cfcd-42a3-8bb1-f0dd73703b7b.jpg,zcrm_361303000002397025,false,,
a00g47d6fa2c2e90a492baa6d5b3d41824e3b_af150303-ee62-4dc8-b077-4398f220f07e.jpg,zcrm_361303000002397037,zcrm_361303000000269001,zcrm_361303000000269001,zcrm_361303000000269001,2022-10-31 13:49:39,2022-10-31 13:49:39,af150303-ee62-4dc8-b077-4398f220f07e.jpg,zcrm_361303000002397036,false,,
a00g4862d26683158473191dbf91dd5622ff2_e631adb5-404a-4e09-bde8-03bbd17adf82.jpg,zcrm_361303000002397048,zcrm_361303000000269001,zcrm_361303000000269001,zcrm_361303000000269001,2022-10-31 13:49:59,2022-10-31 13:49:59,e631adb5-404a-4e09-bde8-03bbd17adf82.jpg,zcrm_361303000002397047,false,,
a00g4279e088f6d944634b818437fc6bde8f1_80d46473-3c6b-427f-967c-353d5f8d8e88.jpg,zcrm_361303000002397059,zcrm_361303000000269001,zcrm_361303000000269001,zcrm_361303000000269001,2022-10-31 13:50:10,2022-10-31 13:50:10,80d46473-3c6b-427f-967c-353d5f8d8e88.jpg,zcrm_361303000002397058,false,,
a00g411c61e9acd1f42e48957f4f98246c853_20502416-f207-4585-ae3a-5bc54c608436.jpg,zcrm_361303000002397070,zcrm_361303000000269001,zcrm_361303000000269001,zcrm_361303000000269001,2022-10-31 13:51:22,2022-10-31 13:51:22,20502416-f207-4585-ae3a-5bc54c608436.jpg,zcrm_361303000002397069,false,,
a00g41ee12daa46534659954e792c8645fdb7_1f3f88dc-b53f-4c23-8bf6-0dad2fe4d82e.jpg,zcrm_361303000002397081,zcrm_361303000000269001,zcrm_361303000000269001,zcrm_361303000000269001,2022-10-31 13:51:49,2022-10-31 13:51:49,1f3f88dc-b53f-4c23-8bf6-0dad2fe4d82e.jpg,zcrm_361303000002397080,false,,
a00g4b5fb921a3db343aba2e42e5e508a3682_5a4ce9f0-4132-48e8-b40d-ec9583f2a144.jpg,zcrm_361303000002397092,zcrm_361303000000269001,zcrm_361303000000269001,zcrm_361303000000269001,2022-10-31 13:52:01,2022-10-31 13:52:01,5a4ce9f0-4132-48e8-b40d-ec9583f2a144.jpg,zcrm_361303000002397091,false,,
a00g4c5944863cc06408bbe629d86ce41ac60_490e5c82-f6c5-4695-b240-0cbf7e3c6191.jpg,zcrm_361303000002397103,zcrm_361303000000269001,zcrm_361303000000269001,zcrm_361303000000269001,2022-10-31 13:53:16,2022-10-31 13:53:16,490e5c82-f6c5-4695-b240-0cbf7e3c6191.jpg,zcrm_361303000002397102,false,,
a00g4b1e95ed28da94b75be0bda6065aa2b6d_4bf503a8-da21-4a86-ac0c-c0d309e1204f.jpg,zcrm_361303000002397114,zcrm_361303000000269001,zcrm_361303000000269001,zcrm_361303000000269001,2022-10-31 13:54:05,2022-10-31 13:54:05,4bf503a8-da21-4a86-ac0c-c0d309e1204f.jpg,zcrm_361303000002397113,false,,
a00g46cb1fa2bea164908a5769bb2e6052b43_97c50e9c-24f0-4e5e-87b9-7e301a7f7a21.jpg,zcrm_361303000002397125,zcrm_361303000000269001,zcrm_361303000000269001,zcrm_361303000000269001,2022-10-31 13:54:25,2022-10-31 13:54:25,97c50e9c-24f0-4e5e-87b9-7e301a7f7a21.jpg,zcrm_361303000002397124,false,,
a00g45e6eb699b1f5414c8ce7a6c86a178e05_871f8164-3b4d-43fc-9a57-63165d355a50.jpg,zcrm_361303000002397136,zcrm_361303000000269001,zcrm_361303000000269001,zcrm_361303000000269001,2022-10-31 13:55:40,2022-10-31 13:55:40,871f8164-3b4d-43fc-9a57-63165d355a50.jpg,zcrm_361303000002397135,false,,
a00g41d326f764c964981841f40ada5532a8d_f9c38113-cb25-4dac-a7f3-d3e36380ad21.jpg,zcrm_361303000002397147,zcrm_361303000000269001,zcrm_361303000000269001,zcrm_361303000000269001,2022-10-31 13:55:56,2022-10-31 13:55:56,f9c38113-cb25-4dac-a7f3-d3e36380ad21.jpg,zcrm_361303000002397146,false,,
a00g4aca3047f5e10406189729b02fb61d130_60b8f0a3-56f5-4630-b629-63b39e5c977c.jpg,zcrm_361303000002397158,zcrm_361303000000269001,zcrm_361303000000269001,zcrm_361303000000269001,2022-10-31 13:56:08,2022-10-31 13:56:08,60b8f0a3-56f5-4630-b629-63b39e5c977c.jpg,zcrm_361303000002397157,false,,
a00g4a0ce05e1e20941f8b9c6e1b0c01a0923_47e86875-7327-413b-979b-fed7bc2c3e27.jpg,zcrm_361303000002397169,zcrm_361303000000269001,zcrm_361303000000269001,zcrm_361303000000269001,2022-10-31 13:57:40,2022-10-31 13:57:40,47e86875-7327-413b-979b-fed7bc2c3e27.jpg,zcrm_361303000002397168,false,,
a00g47a4832775ae244fe883fc38ec9152fa9_533eb8c2-ab0b-4a3a-a222-09832cdef241.jpg,zcrm_361303000002397180,zcrm_361303000000269001,zcrm_361303000000269001,zcrm_361303000000269001,2022-10-31 13:58:00,2022-10-31 13:58:00,533eb8c2-ab0b-4a3a-a222-09832cdef241.jpg,zcrm_361303000002397179,false,,
a00g423b854fa934c483095b585be5b8a6fd9_6e7c2d01-8f5f-49e0-bc8f-794986200575.jpg,zcrm_361303000002397191,zcrm_361303000000269001,zcrm_361303000000269001,zcrm_361303000000269001,2022-10-31 13:58:12,2022-10-31 13:58:12,6e7c2d01-8f5f-49e0-bc8f-794986200575.jpg,zcrm_361303000002397190,false,,
a00g48d0a442a09f24bcd86574ee866bf6f59_82d0909a-514c-462e-96a3-a6d91b444652-1.jpg,zcrm_361303000002397202,zcrm_361303000000269001,zcrm_361303000000269001,zcrm_361303000000269001,2022-10-31 14:00:38,2022-10-31 14:00:38,82d0909a-514c-462e-96a3-a6d91b444652-1.jpg,zcrm_361303000002397201,false,,
a00g4035fa27ba6764c318aca698dbb9790d1_cbc04c5c-6804-45dd-973b-aee7e5454850.jpg,zcrm_361303000002397213,zcrm_361303000000269001,zcrm_361303000000269001,zcrm_361303000000269001,2022-10-31 14:00:54,2022-10-31 14:00:54,cbc04c5c-6804-45dd-973b-aee7e5454850.jpg,zcrm_361303000002397212,false,,
a00g443dbc9f5c5814814823855faf51015ba_d7fa027e-913f-4b96-ab11-b39bf7babc43.jpg,zcrm_361303000002397224,zcrm_361303000000269001,zcrm_361303000000269001,zcrm_361303000000269001,2022-10-31 14:01:06,2022-10-31 14:01:06,d7fa027e-913f-4b96-ab11-b39bf7babc43.jpg,zcrm_361303000002397223,false,,
a00g4ea5ce3f83de24f2c8f5c9c880a36a758_b50b905c-f9cd-46da-b636-c75eb37e05ea.jpg,zcrm_361303000002397235,zcrm_361303000000269001,zcrm_361303000000269001,zcrm_361303000000269001,2022-10-31 14:02:57,2022-10-31 14:02:57,b50b905c-f9cd-46da-b636-c75eb37e05ea.jpg,zcrm_361303000002397234,false,,
a00g40f7eac0633eb459b9c08018bc289376e_d9b88a0a-3d83-43ce-b08f-73d9dfcf999e.jpg,zcrm_361303000002397246,zcrm_361303000000269001,zcrm_361303000000269001,zcrm_361303000000269001,2022-10-31 14:11:06,2022-10-31 14:11:06,d9b88a0a-3d83-43ce-b08f-73d9dfcf999e.jpg,zcrm_361303000002397245,false,,
a00g478fd1af92a454cf3a77963a09db46afa_ca44bd0a-7e1f-47a6-aebc-7cad439b767b.jpg,zcrm_361303000002397257,zcrm_361303000000269001,zcrm_361303000000269001,zcrm_361303000000269001,2022-10-31 14:11:25,2022-10-31 14:11:25,ca44bd0a-7e1f-47a6-aebc-7cad439b767b.jpg,zcrm_361303000002397256,false,,
b5cpg4982fa3b807441ad84b63cdd400c5440_05775d35-a01f-4f65-9950-962be9a8a4ce.jpg,zcrm_361303000002909088,zcrm_361303000000269001,zcrm_361303000000269001,zcrm_361303000000269001,2023-04-13 08:41:02,2023-04-13 08:41:02,05775d35-a01f-4f65-9950-962be9a8a4ce.jpg,zcrm_361303000002909087,false,,
b5cpgb9a8af21b0764e5aa6def2be1ab1bcad_734ee884-7157-4776-839c-eb367e0a359d.jpg,zcrm_361303000002909099,zcrm_361303000000269001,zcrm_361303000000269001,zcrm_361303000000269001,2023-04-13 08:41:49,2023-04-13 08:41:49,734ee884-7157-4776-839c-eb367e0a359d.jpg,zcrm_361303000002909098,false,,
