Field Id,Layout Id,Wizard Id,Tab Id,Section,Mode,Field Sequence,Formula Expression,Default Value,Is Mandatory
zcrm_361303000000000799,zcrm_361303000000032007,,zcrm_361303000000000099,1,2,4,,,
zcrm_361303000000000801,zcrm_361303000000032007,,zcrm_361303000000000099,1,2,1,,,
zcrm_361303000000000807,zcrm_361303000000032007,,zcrm_361303000000000099,1,2,2,,true,false
zcrm_361303000000000811,zcrm_361303000000032007,,zcrm_361303000000000099,1,2,3,,,true
zcrm_361303000000000829,zcrm_361303000000032007,,zcrm_361303000000000099,1,2,6,,,
zcrm_361303000000000831,zcrm_361303000000032007,,zcrm_361303000000000099,1,2,17,,,
zcrm_361303000000000833,zcrm_361303000000032007,,zcrm_361303000000000099,1,2,18,,,
zcrm_361303000000000855,zcrm_361303000000032007,,zcrm_361303000000000099,4,2,1,,,
zcrm_361303000000036001,zcrm_361303000000032007,,zcrm_361303000000000099,1,2,15,,,
zcrm_361303000000069055,zcrm_361303000000032007,,zcrm_361303000000000099,1,2,8,,,
zcrm_361303000000129089,zcrm_361303000000032007,,zcrm_361303000000000099,1,2,17,,,
zcrm_361303000000129091,zcrm_361303000000032007,,zcrm_361303000000000099,1,2,18,,,
zcrm_361303000000129093,zcrm_361303000000032007,,zcrm_361303000000000099,1,2,19,,,
zcrm_361303000000129095,zcrm_361303000000032007,,zcrm_361303000000000099,1,2,20,,,
zcrm_361303000000240006,zcrm_361303000000032007,,zcrm_361303000000000099,1,2,20,,,
zcrm_361303000000000765,zcrm_361303000000032011,,zcrm_361303000000000097,12,2,2,,,
zcrm_361303000000000767,zcrm_361303000000032011,,zcrm_361303000000000097,1,2,1,,,
zcrm_361303000000000769,zcrm_361303000000032011,,zcrm_361303000000000097,1,2,16,,true,false
zcrm_361303000000000771,zcrm_361303000000032011,,zcrm_361303000000000097,1,2,9,,,true
zcrm_361303000000000773,zcrm_361303000000032011,,zcrm_361303000000000097,1,2,3,,,true
zcrm_361303000000000775,zcrm_361303000000032011,,zcrm_361303000000000097,12,2,1,,,
zcrm_361303000000000785,zcrm_361303000000032011,,zcrm_361303000000000097,1,2,18,,,
zcrm_361303000000000787,zcrm_361303000000032011,,zcrm_361303000000000097,1,2,13,,,
zcrm_361303000000000789,zcrm_361303000000032011,,zcrm_361303000000000097,1,2,14,,,
zcrm_361303000000000797,zcrm_361303000000032011,,zcrm_361303000000000097,3,2,1,,,
zcrm_361303000000036003,zcrm_361303000000032011,,zcrm_361303000000000097,1,2,15,,,
zcrm_361303000000069051,zcrm_361303000000032011,,zcrm_361303000000000097,1,2,20,,,
zcrm_361303000000129081,zcrm_361303000000032011,,zcrm_361303000000000097,1,2,17,,,
zcrm_361303000000129083,zcrm_361303000000032011,,zcrm_361303000000000097,1,2,18,,,
zcrm_361303000000129085,zcrm_361303000000032011,,zcrm_361303000000000097,1,2,19,,,
zcrm_361303000000129087,zcrm_361303000000032011,,zcrm_361303000000000097,1,2,20,,,
zcrm_361303000000240015,zcrm_361303000000032011,,zcrm_361303000000000097,1,2,22,,,
zcrm_361303000000269759,zcrm_361303000000032011,,zcrm_361303000000000097,1,2,11,,,
zcrm_361303000000269769,zcrm_361303000000032011,,zcrm_361303000000000097,1,2,12,,,
zcrm_361303000000269775,zcrm_361303000000032011,,zcrm_361303000000000097,2,2,2,,,
zcrm_361303000000269787,zcrm_361303000000032011,,zcrm_361303000000000097,2,2,6,,,
zcrm_361303000000269793,zcrm_361303000000032011,,zcrm_361303000000000097,2,2,9,,,
zcrm_361303000000282213,zcrm_361303000000032011,,zcrm_361303000000000097,1,2,6,,,
zcrm_361303000000282219,zcrm_361303000000032011,,zcrm_361303000000000097,1,2,8,,,
zcrm_361303000000282225,zcrm_361303000000032011,,zcrm_361303000000000097,5,2,1,,,
zcrm_361303000000282235,zcrm_361303000000032011,,zcrm_361303000000000097,5,2,2,,,
zcrm_361303000000282241,zcrm_361303000000032011,,zcrm_361303000000000097,5,2,3,,,
zcrm_361303000000290087,zcrm_361303000000032011,,zcrm_361303000000000097,5,2,13,,,
zcrm_361303000000290097,zcrm_361303000000032011,,zcrm_361303000000000097,5,2,15,,,
zcrm_361303000000290103,zcrm_361303000000032011,,zcrm_361303000000000097,5,2,18,,,
zcrm_361303000000290115,zcrm_361303000000032011,,zcrm_361303000000000097,5,2,6,,,
zcrm_361303000000290121,zcrm_361303000000032011,,zcrm_361303000000000097,5,2,17,,false,false
zcrm_361303000000290127,zcrm_361303000000032011,,zcrm_361303000000000097,5,2,5,,false,false
zcrm_361303000000290133,zcrm_361303000000032011,,zcrm_361303000000000097,5,2,22,,,
zcrm_361303000000290139,zcrm_361303000000032011,,zcrm_361303000000000097,5,2,10,,,
zcrm_361303000000290145,zcrm_361303000000032011,,zcrm_361303000000000097,5,2,7,,,
zcrm_361303000000290161,zcrm_361303000000032011,,zcrm_361303000000000097,5,2,14,,,
zcrm_361303000000290167,zcrm_361303000000032011,,zcrm_361303000000000097,5,2,9,,,
zcrm_361303000000290179,zcrm_361303000000032011,,zcrm_361303000000000097,5,2,11,,false,false
zcrm_361303000000290193,zcrm_361303000000032011,,zcrm_361303000000000097,13,2,3,"If(And((${Solutions.Project Budget THB}/${Solutions.THB GBP FX Rate})-If(${Solutions.D1 - Funds Received},${Solutions.D1 - Amount Donated},0)-If(${Solutions.D3 - Funds Received},${Solutions.D3 - Amount Donated},0)-If(${Solutions.D2 - Funds Received},${Solutions.D2 - Amount Donated},0)-If(${Solutions.D4 - Funds Received},${Solutions.D4 - Amount Donated},0)<1,(${Solutions.Project Budget THB}/${Solutions.THB GBP FX Rate})-If(${Solutions.D1 - Funds Received},${Solutions.D1 - Amount Donated},0)-If(${Solutions.D3 - Funds Received},${Solutions.D3 - Amount Donated},0)-If(${Solutions.D2 - Funds Received},${Solutions.D2 - Amount Donated},0)-If(${Solutions.D4 - Funds Received},${Solutions.D4 - Amount Donated},0)>-1),0,(${Solutions.Project Budget THB}/${Solutions.THB GBP FX Rate})-If(${Solutions.D1 - Funds Received},${Solutions.D1 - Amount Donated},0)-If(${Solutions.D3 - Funds Received},${Solutions.D3 - Amount Donated},0)-If(${Solutions.D2 - Funds Received},${Solutions.D2 - Amount Donated},0)-If(${Solutions.D4 - Funds Received},${Solutions.D4 - Amount Donated},0))",,
zcrm_361303000000344001,zcrm_361303000000032011,,zcrm_361303000000000097,1,2,5,,,
zcrm_361303000000344023,zcrm_361303000000032011,,zcrm_361303000000000097,1,2,14,,,
zcrm_361303000000344035,zcrm_361303000000032011,,zcrm_361303000000000097,1,2,4,,,
zcrm_361303000000344053,zcrm_361303000000032011,,zcrm_361303000000000097,1,2,7,,,
zcrm_361303000000344081,zcrm_361303000000032011,,zcrm_361303000000000097,2,2,1,${Solutions.Expected Direct Household Reach}/5,,
zcrm_361303000000344119,zcrm_361303000000032011,,zcrm_361303000000000097,6,2,12,,,
zcrm_361303000000344131,zcrm_361303000000032011,,zcrm_361303000000000097,5,2,26,,,
zcrm_361303000000344137,zcrm_361303000000032011,,zcrm_361303000000000097,6,2,14,,,
zcrm_361303000000344143,zcrm_361303000000032011,,zcrm_361303000000000097,6,2,17,,,
zcrm_361303000000344149,zcrm_361303000000032011,,zcrm_361303000000000097,5,2,28,,,
zcrm_361303000000344155,zcrm_361303000000032011,,zcrm_361303000000000097,5,2,30,,false,false
zcrm_361303000000344161,zcrm_361303000000032011,,zcrm_361303000000000097,5,2,36,,,
zcrm_361303000000344167,zcrm_361303000000032011,,zcrm_361303000000000097,5,2,32,,,
zcrm_361303000000344173,zcrm_361303000000032011,,zcrm_361303000000000097,6,2,2,,false,false
zcrm_361303000000344179,zcrm_361303000000032011,,zcrm_361303000000000097,2,2,8,,,
zcrm_361303000000344185,zcrm_361303000000032011,,zcrm_361303000000000097,6,2,1,,,
zcrm_361303000000344191,zcrm_361303000000032011,,zcrm_361303000000000097,6,2,3,,,
zcrm_361303000000344197,zcrm_361303000000032011,,zcrm_361303000000000097,6,2,5,,,
zcrm_361303000000344211,zcrm_361303000000032011,,zcrm_361303000000000097,6,2,4,,false,false
zcrm_361303000000344217,zcrm_361303000000032011,,zcrm_361303000000000097,6,2,7,,,
zcrm_361303000000344223,zcrm_361303000000032011,,zcrm_361303000000000097,6,2,6,,,
zcrm_361303000000344235,zcrm_361303000000032011,,zcrm_361303000000000097,6,2,8,,,
zcrm_361303000000344249,zcrm_361303000000032011,,zcrm_361303000000000097,6,2,13,,,
zcrm_361303000000344261,zcrm_361303000000032011,,zcrm_361303000000000097,6,2,10,,,
zcrm_361303000000344297,zcrm_361303000000032011,,zcrm_361303000000000097,7,2,3,,,
zcrm_361303000000344317,zcrm_361303000000032011,,zcrm_361303000000000097,7,2,1,,,
zcrm_361303000000344337,zcrm_361303000000032011,,zcrm_361303000000000097,7,2,9,,,
zcrm_361303000000344343,zcrm_361303000000032011,,zcrm_361303000000000097,7,2,8,,,
zcrm_361303000000344361,zcrm_361303000000032011,,zcrm_361303000000000097,7,2,11,,,
zcrm_361303000000344367,zcrm_361303000000032011,,zcrm_361303000000000097,7,2,10,,,
zcrm_361303000000344379,zcrm_361303000000032011,,zcrm_361303000000000097,9,2,2,,,
zcrm_361303000000344397,zcrm_361303000000032011,,zcrm_361303000000000097,9,2,1,,,
zcrm_361303000000344417,zcrm_361303000000032011,,zcrm_361303000000000097,9,2,3,,,
zcrm_361303000000344441,zcrm_361303000000032011,,zcrm_361303000000000097,7,2,6,,,
zcrm_361303000000344447,zcrm_361303000000032011,,zcrm_361303000000000097,7,2,5,,,
zcrm_361303000000344453,zcrm_361303000000032011,,zcrm_361303000000000097,7,2,7,,,
zcrm_361303000000344461,zcrm_361303000000032011,,zcrm_361303000000000097,10,2,1,,,
zcrm_361303000000344467,zcrm_361303000000032011,,zcrm_361303000000000097,9,2,5,,,
zcrm_361303000000344491,zcrm_361303000000032011,,zcrm_361303000000000097,6,2,19,,,
zcrm_361303000000344961,zcrm_361303000000032011,,zcrm_361303000000000097,11,2,1,,,
zcrm_361303000000344971,zcrm_361303000000032011,,zcrm_361303000000000097,1,2,2,,,
zcrm_361303000000383875,zcrm_361303000000032011,,zcrm_361303000000000097,10,2,6,,,
zcrm_361303000000383903,zcrm_361303000000032011,,zcrm_361303000000000097,10,2,4,,,
zcrm_361303000000383917,zcrm_361303000000032011,,zcrm_361303000000000097,7,2,2,,,
zcrm_361303000000383931,zcrm_361303000000032011,,zcrm_361303000000000097,7,2,4,,,
zcrm_361303000000384943,zcrm_361303000000032011,,zcrm_361303000000000097,5,2,23,,,
zcrm_361303000000410250,zcrm_361303000000032011,,zcrm_361303000000000097,1,2,13,,,
zcrm_361303000000410256,zcrm_361303000000032011,,zcrm_361303000000000097,11,2,10,,,
zcrm_361303000000410262,zcrm_361303000000032011,,zcrm_361303000000000097,11,2,7,,,
zcrm_361303000000410268,zcrm_361303000000032011,,zcrm_361303000000000097,11,2,12,,,
zcrm_361303000000410280,zcrm_361303000000032011,,zcrm_361303000000000097,11,2,5,,,
zcrm_361303000000410286,zcrm_361303000000032011,,zcrm_361303000000000097,11,2,11,,,
zcrm_361303000000410306,zcrm_361303000000032011,,zcrm_361303000000000097,13,2,5,,,
zcrm_361303000000410312,zcrm_361303000000032011,,zcrm_361303000000000097,13,2,6,,,
zcrm_361303000000410318,zcrm_361303000000032011,,zcrm_361303000000000097,11,2,3,,,
zcrm_361303000000410324,zcrm_361303000000032011,,zcrm_361303000000000097,11,2,8,,,
zcrm_361303000000411440,zcrm_361303000000032011,,zcrm_361303000000000097,8,2,1,,,
zcrm_361303000000411458,zcrm_361303000000032011,,zcrm_361303000000000097,8,2,2,,,
zcrm_361303000000413692,zcrm_361303000000032011,,zcrm_361303000000000097,13,2,4,,,
zcrm_361303000000413698,zcrm_361303000000032011,,zcrm_361303000000000097,13,2,2,,,
zcrm_361303000000414838,zcrm_361303000000032011,,zcrm_361303000000000097,10,2,8,,,
zcrm_361303000000414868,zcrm_361303000000032011,,zcrm_361303000000000097,13,2,7,100*((${Solutions.Overheads THB}+${Solutions.KHT Project Transfer List Spend THB}+${Solutions.Manual Finance Adjustments}+${Solutions.KY Project Account Spend THB})/${Solutions.Project Budget THB}),,
zcrm_361303000000452011,zcrm_361303000000032011,,zcrm_361303000000000097,6,2,11,,,
zcrm_361303000000452033,zcrm_361303000000032011,,zcrm_361303000000000097,13,2,8,,,
zcrm_361303000000452039,zcrm_361303000000032011,,zcrm_361303000000000097,13,2,10,,,
zcrm_361303000000452045,zcrm_361303000000032011,,zcrm_361303000000000097,9,2,4,,,
zcrm_361303000000452075,zcrm_361303000000032011,,zcrm_361303000000000097,13,2,16,,,
zcrm_361303000000452081,zcrm_361303000000032011,,zcrm_361303000000000097,13,2,14,,,
zcrm_361303000000452093,zcrm_361303000000032011,,zcrm_361303000000000097,13,2,12,${Solutions.KHT Project Transfer List Spend THB}+${Solutions.KY Project Account Spend THB}+${Solutions.Manual Finance Adjustments}+${Solutions.Overheads THB},,
zcrm_361303000000452117,zcrm_361303000000032011,,zcrm_361303000000000097,13,2,11,,,
zcrm_361303000000452123,zcrm_361303000000032011,,zcrm_361303000000000097,13,2,1,${Solutions.Project Budget THB}/${Solutions.THB GBP FX Rate},,
zcrm_361303000000458493,zcrm_361303000000032011,,zcrm_361303000000000097,5,2,19,,,
zcrm_361303000000458499,zcrm_361303000000032011,,zcrm_361303000000000097,2,2,4,,,
zcrm_361303000000458505,zcrm_361303000000032011,,zcrm_361303000000000097,5,2,21,,,
zcrm_361303000000460807,zcrm_361303000000032011,,zcrm_361303000000000097,1,2,10,,,
zcrm_361303000000512001,zcrm_361303000000032011,,zcrm_361303000000000097,11,2,4,,,
zcrm_361303000000512007,zcrm_361303000000032011,,zcrm_361303000000000097,11,2,2,,,
zcrm_361303000000529019,zcrm_361303000000032011,,zcrm_361303000000000097,11,2,9,,,
zcrm_361303000000552021,zcrm_361303000000032011,,zcrm_361303000000000097,5,2,40,"And(Len(Datepart(${Solutions.D1 - Interim Report Due}))<10,Len(Datepart(${Solutions.D2 - Interim Report Due}))<10,Len(Datepart(${Solutions.D3 - Interim Report Due}))<10,Len(Datepart(${Solutions.D4 - Interim Report Due}))<10)",,
zcrm_361303000000552027,zcrm_361303000000032011,,zcrm_361303000000000097,12,2,3,,,
zcrm_361303000000579088,zcrm_361303000000032011,,zcrm_361303000000000097,2,2,5,,,
zcrm_361303000000579094,zcrm_361303000000032011,,zcrm_361303000000000097,2,2,7,,,
zcrm_361303000001154017,zcrm_361303000000032011,,zcrm_361303000000000097,5,2,16,,,
zcrm_361303000001154023,zcrm_361303000000032011,,zcrm_361303000000000097,5,2,4,,,
zcrm_361303000001154029,zcrm_361303000000032011,,zcrm_361303000000000097,5,2,34,,,
zcrm_361303000001154035,zcrm_361303000000032011,,zcrm_361303000000000097,5,2,20,,,
zcrm_361303000001154041,zcrm_361303000000032011,,zcrm_361303000000000097,5,2,38,,,
zcrm_361303000001154047,zcrm_361303000000032011,,zcrm_361303000000000097,5,2,8,,,
zcrm_361303000001154053,zcrm_361303000000032011,,zcrm_361303000000000097,5,2,12,,,
zcrm_361303000001156807,zcrm_361303000000032011,,zcrm_361303000000000097,5,2,24,,,
zcrm_361303000001586137,zcrm_361303000000032011,,zcrm_361303000000000097,10,2,3,,,
zcrm_361303000001586143,zcrm_361303000000032011,,zcrm_361303000000000097,6,2,15,,,
zcrm_361303000001586149,zcrm_361303000000032011,,zcrm_361303000000000097,10,2,5,,,
zcrm_361303000001586155,zcrm_361303000000032011,,zcrm_361303000000000097,10,2,2,,,
zcrm_361303000001586161,zcrm_361303000000032011,,zcrm_361303000000000097,11,2,6,,,
zcrm_361303000001586167,zcrm_361303000000032011,,zcrm_361303000000000097,2,2,3,(${Solutions.Project Budget THB}/${Solutions.THB GBP FX Rate})/${Solutions.Expected Direct Beneficiary Reach},,
zcrm_361303000001586177,zcrm_361303000000032011,,zcrm_361303000000000097,13,2,9,"(If(${Solutions.D1 - Funds Received},${Solutions.D1 - Amount Donated},0)+If(${Solutions.D3 - Funds Received},${Solutions.D3 - Amount Donated},0)+If(${Solutions.D2 - Funds Received},${Solutions.D2 - Amount Donated},0)+If(${Solutions.D4 - Funds Received},${Solutions.D4 - Amount Donated},0))-((${Solutions.KY Project Account Spend THB}+${Solutions.KHT Project Transfer List Spend THB}+${Solutions.Overheads THB}+${Solutions.Manual Finance Adjustments})/${Solutions.THB GBP FX Rate})",,
zcrm_361303000001586183,zcrm_361303000000032011,,zcrm_361303000000000097,14,2,1,,,
zcrm_361303000001586195,zcrm_361303000000032011,,zcrm_361303000000000097,14,2,12,,,
zcrm_361303000001586201,zcrm_361303000000032011,,zcrm_361303000000000097,14,2,3,,,
zcrm_361303000001586213,zcrm_361303000000032011,,zcrm_361303000000000097,14,2,14,,,
zcrm_361303000001586219,zcrm_361303000000032011,,zcrm_361303000000000097,14,2,4,,,
zcrm_361303000001586225,zcrm_361303000000032011,,zcrm_361303000000000097,14,2,5,,,
zcrm_361303000001586237,zcrm_361303000000032011,,zcrm_361303000000000097,14,2,7,,,
zcrm_361303000001586249,zcrm_361303000000032011,,zcrm_361303000000000097,14,2,8,,,
zcrm_361303000001586255,zcrm_361303000000032011,,zcrm_361303000000000097,14,2,9,,,
zcrm_361303000001586267,zcrm_361303000000032011,,zcrm_361303000000000097,14,2,11,,,
zcrm_361303000001586279,zcrm_361303000000032011,,zcrm_361303000000000097,14,2,2,,,
zcrm_361303000001586313,zcrm_361303000000032011,,zcrm_361303000000000097,14,2,6,,,
zcrm_361303000001586333,zcrm_361303000000032011,,zcrm_361303000000000097,14,2,10,,,
zcrm_361303000001647001,zcrm_361303000000032011,,zcrm_361303000000000097,6,2,16,,,
zcrm_361303000001673791,zcrm_361303000000032011,,zcrm_361303000000000097,1,2,15,,,
zcrm_361303000001690013,zcrm_361303000000032011,,zcrm_361303000000000097,2,2,10,,,
zcrm_361303000001860032,zcrm_361303000000032011,,zcrm_361303000000000097,1,2,23,,,
zcrm_361303000002000301,zcrm_361303000000032011,,zcrm_361303000000000097,2,2,12,,,
zcrm_361303000002004553,zcrm_361303000000032011,,zcrm_361303000000000097,6,2,9,,,
zcrm_361303000002013727,zcrm_361303000000032011,,zcrm_361303000000000097,14,2,13,"If(${Solutions.Endline E Coli MPN}!='',${Solutions.Endline E Coli MPN},If(${Solutions.Baseline E Coli MPN}!='',${Solutions.Baseline E Coli MPN},If(${Solutions.Endline Water Tests}!='',${Solutions.Failed Endline Water Tests},If(${Solutions.Baseline Water Tests}!='',${Solutions.Failed Baseline Water Tests},'No Baseline or Endline Water Tests Conducted'))))",,
zcrm_361303000002085820,zcrm_361303000000032011,,zcrm_361303000000000097,5,2,25,"Concat(${Solutions.Donor 1 (D1)},' ',${Solutions.Donor 2 (D2)},' ',${Solutions.Donor 3 (D3)},' ',${Solutions.Other Donors List (D4)})",,
zcrm_361303000000002141,zcrm_361303000000032013,,zcrm_361303000000000111,1,2,1,,,
zcrm_361303000000002143,zcrm_361303000000032013,,zcrm_361303000000000111,1,2,2,,,
zcrm_361303000000002145,zcrm_361303000000032013,,zcrm_361303000000000111,1,2,3,,,
zcrm_361303000000002147,zcrm_361303000000032013,,zcrm_361303000000000111,1,2,4,,,
zcrm_361303000000002149,zcrm_361303000000032013,,zcrm_361303000000000111,1,2,5,,,
zcrm_361303000000002151,zcrm_361303000000032013,,zcrm_361303000000000111,1,2,6,,,
zcrm_361303000000002153,zcrm_361303000000032013,,zcrm_361303000000000111,1,2,7,,,
zcrm_361303000000002155,zcrm_361303000000032013,,zcrm_361303000000000111,1,2,8,,,
zcrm_361303000000002157,zcrm_361303000000032013,,zcrm_361303000000000111,1,2,9,,,
zcrm_361303000000002159,zcrm_361303000000032013,,zcrm_361303000000000111,1,2,10,,,
zcrm_361303000000002161,zcrm_361303000000032013,,zcrm_361303000000000111,1,2,11,,,true
zcrm_361303000000002163,zcrm_361303000000032013,,zcrm_361303000000000111,1,2,12,,,
zcrm_361303000000002165,zcrm_361303000000032013,,zcrm_361303000000000111,1,2,13,,,
zcrm_361303000000002167,zcrm_361303000000032013,,zcrm_361303000000000111,1,2,14,,,
zcrm_361303000000002169,zcrm_361303000000032013,,zcrm_361303000000000111,1,2,15,,,
zcrm_361303000000002171,zcrm_361303000000032013,,zcrm_361303000000000111,1,2,16,,,
zcrm_361303000000002173,zcrm_361303000000032013,,zcrm_361303000000000111,6,2,2,SUM(${InvoicedItems.Total}),,
zcrm_361303000000002175,zcrm_361303000000032013,,zcrm_361303000000000111,6,2,3,,,
zcrm_361303000000002177,zcrm_361303000000032013,,zcrm_361303000000000111,6,2,4,,,
zcrm_361303000000002179,zcrm_361303000000032013,,zcrm_361303000000000111,6,2,5,,,
zcrm_361303000000002181,zcrm_361303000000032013,,zcrm_361303000000000111,6,2,6,${Invoices.Sub Total}-${Invoices.Discount}+${Invoices.Tax}+${Invoices.Adjustment},,
zcrm_361303000000002183,zcrm_361303000000032013,,zcrm_361303000000000111,1,2,22,,,
zcrm_361303000000002185,zcrm_361303000000032013,,zcrm_361303000000000111,1,2,23,,,
zcrm_361303000000002187,zcrm_361303000000032013,,zcrm_361303000000000111,1,2,25,,,
zcrm_361303000000002189,zcrm_361303000000032013,,zcrm_361303000000000111,2,2,1,,,
zcrm_361303000000002191,zcrm_361303000000032013,,zcrm_361303000000000111,2,2,2,,,
zcrm_361303000000002193,zcrm_361303000000032013,,zcrm_361303000000000111,2,2,3,,,
zcrm_361303000000002195,zcrm_361303000000032013,,zcrm_361303000000000111,2,2,4,,,
zcrm_361303000000002197,zcrm_361303000000032013,,zcrm_361303000000000111,2,2,5,,,
zcrm_361303000000002199,zcrm_361303000000032013,,zcrm_361303000000000111,2,2,6,,,
zcrm_361303000000002201,zcrm_361303000000032013,,zcrm_361303000000000111,2,2,7,,,
zcrm_361303000000002203,zcrm_361303000000032013,,zcrm_361303000000000111,2,2,8,,,
zcrm_361303000000002205,zcrm_361303000000032013,,zcrm_361303000000000111,2,2,9,,,
zcrm_361303000000002207,zcrm_361303000000032013,,zcrm_361303000000000111,2,2,10,,,
zcrm_361303000000002209,zcrm_361303000000032013,,zcrm_361303000000000111,3,2,1,,,
zcrm_361303000000002211,zcrm_361303000000032013,,zcrm_361303000000000111,4,2,8,,,
zcrm_361303000000002213,zcrm_361303000000032013,,zcrm_361303000000000111,5,2,8,,,
zcrm_361303000000036005,zcrm_361303000000032013,,zcrm_361303000000000111,1,2,15,,,
zcrm_361303000000069037,zcrm_361303000000032013,,zcrm_361303000000000111,1,2,16,,,
zcrm_361303000000129137,zcrm_361303000000032013,,zcrm_361303000000000111,1,2,17,,,
zcrm_361303000000129139,zcrm_361303000000032013,,zcrm_361303000000000111,1,2,18,,,
zcrm_361303000000129141,zcrm_361303000000032013,,zcrm_361303000000000111,1,2,19,,,
zcrm_361303000000129143,zcrm_361303000000032013,,zcrm_361303000000000111,1,2,20,,,
zcrm_361303000000174247,zcrm_361303000000032013,,zcrm_361303000000000111,6,2,1,,,
zcrm_361303000000240010,zcrm_361303000000032013,,zcrm_361303000000000111,1,2,25,,,
zcrm_361303000001860048,zcrm_361303000000032013,,zcrm_361303000000000111,1,2,26,,,
zcrm_361303000000000707,zcrm_361303000000032015,,zcrm_361303000000000095,1,2,2,,,
zcrm_361303000000000709,zcrm_361303000000032015,,zcrm_361303000000000095,1,2,1,,,
zcrm_361303000000000711,zcrm_361303000000032015,,zcrm_361303000000000095,1,2,3,,,
zcrm_361303000000000713,zcrm_361303000000032015,,zcrm_361303000000000095,1,2,4,,,
zcrm_361303000000000715,zcrm_361303000000032015,,zcrm_361303000000000095,1,2,5,,,
zcrm_361303000000000717,zcrm_361303000000032015,,zcrm_361303000000000095,1,2,6,,,
zcrm_361303000000000719,zcrm_361303000000032015,,zcrm_361303000000000095,1,2,7,,,
zcrm_361303000000000721,zcrm_361303000000032015,,zcrm_361303000000000095,1,2,8,,,
zcrm_361303000000000723,zcrm_361303000000032015,,zcrm_361303000000000095,1,2,9,,,
zcrm_361303000000000725,zcrm_361303000000032015,,zcrm_361303000000000095,1,2,10,,,
zcrm_361303000000000727,zcrm_361303000000032015,,zcrm_361303000000000095,1,2,11,,,
zcrm_361303000000000729,zcrm_361303000000032015,,zcrm_361303000000000095,1,2,12,,,
zcrm_361303000000000731,zcrm_361303000000032015,,zcrm_361303000000000095,1,2,13,,,
zcrm_361303000000000733,zcrm_361303000000032015,,zcrm_361303000000000095,1,2,14,,,
zcrm_361303000000000735,zcrm_361303000000032015,,zcrm_361303000000000095,1,2,15,,,
zcrm_361303000000000737,zcrm_361303000000032015,,zcrm_361303000000000095,1,2,16,,,
zcrm_361303000000000739,zcrm_361303000000032015,,zcrm_361303000000000095,1,2,17,,,
zcrm_361303000000000741,zcrm_361303000000032015,,zcrm_361303000000000095,1,2,18,,,
zcrm_361303000000000743,zcrm_361303000000032015,,zcrm_361303000000000095,1,2,19,,,
zcrm_361303000000000745,zcrm_361303000000032015,,zcrm_361303000000000095,1,2,20,,,
zcrm_361303000000000747,zcrm_361303000000032015,,zcrm_361303000000000095,1,2,-1,,,
zcrm_361303000000000749,zcrm_361303000000032015,,zcrm_361303000000000095,1,2,21,,,
zcrm_361303000000000751,zcrm_361303000000032015,,zcrm_361303000000000095,1,2,22,,,
zcrm_361303000000000753,zcrm_361303000000032015,,zcrm_361303000000000095,2,2,1,,,
zcrm_361303000000000755,zcrm_361303000000032015,,zcrm_361303000000000095,2,2,2,,,
zcrm_361303000000000757,zcrm_361303000000032015,,zcrm_361303000000000095,3,2,1,,,
zcrm_361303000000000759,zcrm_361303000000032015,,zcrm_361303000000000095,3,2,2,,,
zcrm_361303000000000761,zcrm_361303000000032015,,zcrm_361303000000000095,4,2,1,,,
zcrm_361303000000036007,zcrm_361303000000032015,,zcrm_361303000000000095,1,2,15,,,
zcrm_361303000000069059,zcrm_361303000000032015,,zcrm_361303000000000095,1,2,16,,,
zcrm_361303000000129073,zcrm_361303000000032015,,zcrm_361303000000000095,1,2,18,,,
zcrm_361303000000129075,zcrm_361303000000032015,,zcrm_361303000000000095,1,2,19,,,
zcrm_361303000000129077,zcrm_361303000000032015,,zcrm_361303000000000095,1,2,20,,,
zcrm_361303000000129079,zcrm_361303000000032015,,zcrm_361303000000000095,1,2,21,,,
zcrm_361303000000168706,zcrm_361303000000032015,,zcrm_361303000000000095,1,2,31,,,
zcrm_361303000000168708,zcrm_361303000000032015,,zcrm_361303000000000095,1,2,32,,,
zcrm_361303000000240014,zcrm_361303000000032015,,zcrm_361303000000000095,1,2,32,,,
zcrm_361303000001860056,zcrm_361303000000032015,,zcrm_361303000000000095,1,2,33,,,
zcrm_361303000000002215,zcrm_361303000000032017,,zcrm_361303000000000113,1,2,1,,,
zcrm_361303000000002217,zcrm_361303000000032017,,zcrm_361303000000000113,1,2,5,,,
zcrm_361303000000002219,zcrm_361303000000032017,,zcrm_361303000000000113,1,2,6,,,
zcrm_361303000000002221,zcrm_361303000000032017,,zcrm_361303000000000113,1,2,7,,,
zcrm_361303000000002223,zcrm_361303000000032017,,zcrm_361303000000000113,1,2,8,,,
zcrm_361303000000002225,zcrm_361303000000032017,,zcrm_361303000000000113,1,2,2,,,
zcrm_361303000000002227,zcrm_361303000000032017,,zcrm_361303000000000113,1,2,3,,,
zcrm_361303000000002229,zcrm_361303000000032017,,zcrm_361303000000000113,1,2,4,,,
zcrm_361303000000172001,zcrm_361303000000032017,,zcrm_361303000000000113,1,2,6,,,
zcrm_361303000000240040,zcrm_361303000000032017,,zcrm_361303000000000113,1,2,8,,,
zcrm_361303000000000297,zcrm_361303000000032025,,zcrm_361303000000000073,1,2,1,,,
zcrm_361303000000000299,zcrm_361303000000032025,,zcrm_361303000000000073,1,2,2,,,
zcrm_361303000000000301,zcrm_361303000000032025,,zcrm_361303000000000073,1,2,3,,,
zcrm_361303000000000303,zcrm_361303000000032025,,zcrm_361303000000000073,1,2,4,,,
zcrm_361303000000000305,zcrm_361303000000032025,,zcrm_361303000000000073,1,2,5,,,
zcrm_361303000000000307,zcrm_361303000000032025,,zcrm_361303000000000073,1,2,6,,,
zcrm_361303000000000309,zcrm_361303000000032025,,zcrm_361303000000000073,1,2,7,,,
zcrm_361303000000000311,zcrm_361303000000032025,,zcrm_361303000000000073,1,2,8,,,
zcrm_361303000000000313,zcrm_361303000000032025,,zcrm_361303000000000073,1,2,9,,,
zcrm_361303000000000315,zcrm_361303000000032025,,zcrm_361303000000000073,1,2,10,,,
zcrm_361303000000000317,zcrm_361303000000032025,,zcrm_361303000000000073,1,2,11,,,
zcrm_361303000000000319,zcrm_361303000000032025,,zcrm_361303000000000073,1,2,12,,,
zcrm_361303000000000321,zcrm_361303000000032025,,zcrm_361303000000000073,1,2,13,,,
zcrm_361303000000000323,zcrm_361303000000032025,,zcrm_361303000000000073,1,2,14,,,
zcrm_361303000000000325,zcrm_361303000000032025,,zcrm_361303000000000073,1,2,15,,,
zcrm_361303000000237001,zcrm_361303000000032025,,zcrm_361303000000000073,1,2,16,,,
zcrm_361303000000237003,zcrm_361303000000032025,,zcrm_361303000000000073,1,2,17,,,
zcrm_361303000000237005,zcrm_361303000000032025,,zcrm_361303000000000073,1,2,18,,,
zcrm_361303000000237007,zcrm_361303000000032025,,zcrm_361303000000000073,1,2,19,,,
zcrm_361303000000237009,zcrm_361303000000032025,,zcrm_361303000000000073,1,2,20,,,
zcrm_361303000000237011,zcrm_361303000000032025,,zcrm_361303000000000073,1,2,21,,,
zcrm_361303000000237013,zcrm_361303000000032025,,zcrm_361303000000000073,1,2,22,,,
zcrm_361303000000237015,zcrm_361303000000032025,,zcrm_361303000000000073,1,2,23,,,
zcrm_361303000000237017,zcrm_361303000000032025,,zcrm_361303000000000073,1,2,24,,,
zcrm_361303000000237019,zcrm_361303000000032025,,zcrm_361303000000000073,1,2,25,,,
zcrm_361303000000237021,zcrm_361303000000032025,,zcrm_361303000000000073,1,2,26,,,
zcrm_361303000000237023,zcrm_361303000000032025,,zcrm_361303000000000073,1,2,27,,,
zcrm_361303000000240016,zcrm_361303000000032025,,zcrm_361303000000000073,1,2,27,,,
zcrm_361303000000000659,zcrm_361303000000032029,,zcrm_361303000000000051,1,2,1,,,
zcrm_361303000000000661,zcrm_361303000000032029,,zcrm_361303000000000051,1,2,2,,,true
zcrm_361303000000000663,zcrm_361303000000032029,,zcrm_361303000000000051,1,2,3,,,
zcrm_361303000000000665,zcrm_361303000000032029,,zcrm_361303000000000051,1,2,4,,,
zcrm_361303000000000667,zcrm_361303000000032029,,zcrm_361303000000000051,1,2,5,,,
zcrm_361303000000000669,zcrm_361303000000032029,,zcrm_361303000000000051,1,2,6,,,
zcrm_361303000000000671,zcrm_361303000000032029,,zcrm_361303000000000051,1,2,7,,,
zcrm_361303000000000673,zcrm_361303000000032029,,zcrm_361303000000000051,1,2,8,,,
zcrm_361303000000000675,zcrm_361303000000032029,,zcrm_361303000000000051,1,2,9,,,
zcrm_361303000000000677,zcrm_361303000000032029,,zcrm_361303000000000051,1,2,10,,,
zcrm_361303000000000679,zcrm_361303000000032029,,zcrm_361303000000000051,1,2,11,,,
zcrm_361303000000000681,zcrm_361303000000032029,,zcrm_361303000000000051,1,2,12,,,
zcrm_361303000000000683,zcrm_361303000000032029,,zcrm_361303000000000051,1,2,13,,,
zcrm_361303000000000685,zcrm_361303000000032029,,zcrm_361303000000000051,1,2,14,,,
zcrm_361303000000000687,zcrm_361303000000032029,,zcrm_361303000000000051,1,2,15,,,
zcrm_361303000000000689,zcrm_361303000000032029,,zcrm_361303000000000051,1,2,16,,,
zcrm_361303000000000691,zcrm_361303000000032029,,zcrm_361303000000000051,1,2,17,,,
zcrm_361303000000000693,zcrm_361303000000032029,,zcrm_361303000000000051,1,2,18,,,
zcrm_361303000000000695,zcrm_361303000000032029,,zcrm_361303000000000051,2,2,1,,,
zcrm_361303000000036009,zcrm_361303000000032029,,zcrm_361303000000000051,1,2,15,,,
zcrm_361303000000069063,zcrm_361303000000032029,,zcrm_361303000000000051,1,2,16,,,
zcrm_361303000000129033,zcrm_361303000000032029,,zcrm_361303000000000051,1,2,17,,,
zcrm_361303000000129035,zcrm_361303000000032029,,zcrm_361303000000000051,1,2,18,,,
zcrm_361303000000129037,zcrm_361303000000032029,,zcrm_361303000000000051,1,2,19,,,
zcrm_361303000000129039,zcrm_361303000000032029,,zcrm_361303000000000051,1,2,20,,,
zcrm_361303000000134001,zcrm_361303000000032029,,zcrm_361303000000000051,1,2,16,,,
zcrm_361303000000240011,zcrm_361303000000032029,,zcrm_361303000000000051,1,2,20,,,
zcrm_361303000001860054,zcrm_361303000000032029,,zcrm_361303000000000051,1,2,20,,,
zcrm_361303000000000271,zcrm_361303000000032031,,zcrm_361303000000000069,1,2,1,,,
zcrm_361303000000000273,zcrm_361303000000032031,,zcrm_361303000000000069,1,2,2,,,
zcrm_361303000000000275,zcrm_361303000000032031,,zcrm_361303000000000069,1,2,3,,,
zcrm_361303000000000277,zcrm_361303000000032031,,zcrm_361303000000000069,1,2,4,,,
zcrm_361303000000000279,zcrm_361303000000032031,,zcrm_361303000000000069,1,2,5,,,
zcrm_361303000000000281,zcrm_361303000000032031,,zcrm_361303000000000069,1,2,6,,,
zcrm_361303000000000283,zcrm_361303000000032031,,zcrm_361303000000000069,1,2,7,,,
zcrm_361303000000000285,zcrm_361303000000032031,,zcrm_361303000000000069,1,2,8,,,
zcrm_361303000000240033,zcrm_361303000000032031,,zcrm_361303000000000069,1,2,8,,,
zcrm_361303000000000587,zcrm_361303000000032033,,zcrm_361303000000000043,1,2,8,,,
zcrm_361303000000000591,zcrm_361303000000032033,,zcrm_361303000000000043,1,2,1,,,
zcrm_361303000000000593,zcrm_361303000000032033,,zcrm_361303000000000043,1,2,3,,,
zcrm_361303000000000595,zcrm_361303000000032033,,zcrm_361303000000000043,1,2,3,,,
zcrm_361303000000000597,zcrm_361303000000032033,,zcrm_361303000000000043,1,2,2,,,
zcrm_361303000000000599,zcrm_361303000000032033,,zcrm_361303000000000043,1,2,7,,,
zcrm_361303000000000605,zcrm_361303000000032033,,zcrm_361303000000000043,1,2,5,,,
zcrm_361303000000000619,zcrm_361303000000032033,,zcrm_361303000000000043,1,2,17,,,
zcrm_361303000000000633,zcrm_361303000000032033,,zcrm_361303000000000043,1,2,14,,,
zcrm_361303000000000635,zcrm_361303000000032033,,zcrm_361303000000000043,1,2,1,,,
zcrm_361303000000000639,zcrm_361303000000032033,,zcrm_361303000000000043,1,2,27,,,
zcrm_361303000000000641,zcrm_361303000000032033,,zcrm_361303000000000043,1,2,28,,,
zcrm_361303000000000643,zcrm_361303000000032033,,zcrm_361303000000000043,1,2,9,,,
zcrm_361303000000000657,zcrm_361303000000032033,,zcrm_361303000000000043,3,2,1,,,
zcrm_361303000000036011,zcrm_361303000000032033,,zcrm_361303000000000043,1,2,15,,,
zcrm_361303000000057001,zcrm_361303000000032033,,zcrm_361303000000000043,4,2,1,,,
zcrm_361303000000057003,zcrm_361303000000032033,,zcrm_361303000000000043,4,2,3,,,
zcrm_361303000000057005,zcrm_361303000000032033,,zcrm_361303000000000043,4,2,5,,,
zcrm_361303000000058001,zcrm_361303000000032033,,zcrm_361303000000000043,4,2,4,,,
zcrm_361303000000058003,zcrm_361303000000032033,,zcrm_361303000000000043,4,2,2,,,
zcrm_361303000000058005,zcrm_361303000000032033,,zcrm_361303000000000043,4,2,6,,,
zcrm_361303000000069041,zcrm_361303000000032033,,zcrm_361303000000000043,1,2,12,,,
zcrm_361303000000095005,zcrm_361303000000032033,,zcrm_361303000000000043,5,2,1,,,
zcrm_361303000000119007,zcrm_361303000000032033,,zcrm_361303000000000043,1,2,6,,,
zcrm_361303000000119009,zcrm_361303000000032033,,zcrm_361303000000000043,1,2,7,,,
zcrm_361303000000119011,zcrm_361303000000032033,,zcrm_361303000000000043,1,2,8,,,
zcrm_361303000000129001,zcrm_361303000000032033,,zcrm_361303000000000043,1,2,31,,,
zcrm_361303000000129003,zcrm_361303000000032033,,zcrm_361303000000000043,1,2,32,,,
zcrm_361303000000129005,zcrm_361303000000032033,,zcrm_361303000000000043,1,2,33,,,
zcrm_361303000000129007,zcrm_361303000000032033,,zcrm_361303000000000043,1,2,34,,,
zcrm_361303000000168696,zcrm_361303000000032033,,zcrm_361303000000000043,1,2,40,,,
zcrm_361303000000168698,zcrm_361303000000032033,,zcrm_361303000000000043,1,2,45,,,
zcrm_361303000000168700,zcrm_361303000000032033,,zcrm_361303000000000043,1,2,46,,,
zcrm_361303000000221013,zcrm_361303000000032033,,zcrm_361303000000000043,1,2,16,,,
zcrm_361303000000224001,zcrm_361303000000032033,,zcrm_361303000000000043,1,2,11,,,
zcrm_361303000000224002,zcrm_361303000000032033,,zcrm_361303000000000043,1,2,18,,,
zcrm_361303000000226001,zcrm_361303000000032033,,zcrm_361303000000000043,1,2,13,,,
zcrm_361303000000226003,zcrm_361303000000032033,,zcrm_361303000000000043,1,2,20,,,
zcrm_361303000000226005,zcrm_361303000000032033,,zcrm_361303000000000043,1,2,51,,,
zcrm_361303000000240001,zcrm_361303000000032033,,zcrm_361303000000000043,1,2,51,,,
zcrm_361303000000260012,zcrm_361303000000032033,,zcrm_361303000000000043,1,2,51,,,
zcrm_361303000000265001,zcrm_361303000000032033,,zcrm_361303000000000043,1,2,52,,,
zcrm_361303000000290003,zcrm_361303000000032033,,zcrm_361303000000000043,1,2,4,,,true
zcrm_361303000000290023,zcrm_361303000000032033,,zcrm_361303000000000043,1,2,6,,false,false
zcrm_361303000001860042,zcrm_361303000000032033,,zcrm_361303000000000043,1,2,54,,,
zcrm_361303000002132007,zcrm_361303000000032033,,zcrm_361303000000000043,1,2,53,,,
zcrm_361303000002132010,zcrm_361303000000032033,,zcrm_361303000000000043,1,2,53,,,
zcrm_361303000000000381,zcrm_361303000000032035,,zcrm_361303000000000045,1,2,2,,,
zcrm_361303000000000385,zcrm_361303000000032035,,zcrm_361303000000000045,1,2,1,,,
zcrm_361303000000000391,zcrm_361303000000032035,,zcrm_361303000000000045,7,2,9,,,
zcrm_361303000000000397,zcrm_361303000000032035,,zcrm_361303000000000045,1,2,4,,,
zcrm_361303000000000417,zcrm_361303000000032035,,zcrm_361303000000000045,1,2,11,,,
zcrm_361303000000000419,zcrm_361303000000032035,,zcrm_361303000000000045,1,2,20,,,
zcrm_361303000000000421,zcrm_361303000000032035,,zcrm_361303000000000045,1,2,21,,,
zcrm_361303000000000423,zcrm_361303000000032035,,zcrm_361303000000000045,1,2,12,,,
zcrm_361303000000036013,zcrm_361303000000032035,,zcrm_361303000000000045,1,2,15,,,
zcrm_361303000000057007,zcrm_361303000000032035,,zcrm_361303000000000045,4,2,1,,,
zcrm_361303000000057009,zcrm_361303000000032035,,zcrm_361303000000000045,4,2,3,,,
zcrm_361303000000057011,zcrm_361303000000032035,,zcrm_361303000000000045,4,2,5,,,
zcrm_361303000000058007,zcrm_361303000000032035,,zcrm_361303000000000045,4,2,4,,,
zcrm_361303000000058009,zcrm_361303000000032035,,zcrm_361303000000000045,4,2,2,,,
zcrm_361303000000058011,zcrm_361303000000032035,,zcrm_361303000000000045,4,2,6,,,
zcrm_361303000000069031,zcrm_361303000000032035,,zcrm_361303000000000045,1,2,10,,,
zcrm_361303000000129009,zcrm_361303000000032035,,zcrm_361303000000000045,1,2,17,,,
zcrm_361303000000129011,zcrm_361303000000032035,,zcrm_361303000000000045,1,2,18,,,
zcrm_361303000000129013,zcrm_361303000000032035,,zcrm_361303000000000045,1,2,19,,,
zcrm_361303000000129015,zcrm_361303000000032035,,zcrm_361303000000000045,1,2,20,,,
zcrm_361303000000240003,zcrm_361303000000032035,,zcrm_361303000000000045,1,2,16,,,
zcrm_361303000000260013,zcrm_361303000000032035,,zcrm_361303000000000045,1,2,22,,,
zcrm_361303000000284046,zcrm_361303000000032035,,zcrm_361303000000000045,7,2,2,,,
zcrm_361303000000284076,zcrm_361303000000032035,,zcrm_361303000000000045,6,2,5,,,
zcrm_361303000000284088,zcrm_361303000000032035,,zcrm_361303000000000045,7,2,1,,,
zcrm_361303000000344543,zcrm_361303000000032035,,zcrm_361303000000000045,1,2,5,,,
zcrm_361303000000344549,zcrm_361303000000032035,,zcrm_361303000000000045,1,2,6,,,
zcrm_361303000000344575,zcrm_361303000000032035,,zcrm_361303000000000045,1,2,7,,,
zcrm_361303000000344581,zcrm_361303000000032035,,zcrm_361303000000000045,1,2,8,,,
zcrm_361303000000344587,zcrm_361303000000032035,,zcrm_361303000000000045,1,2,9,,,
zcrm_361303000000344599,zcrm_361303000000032035,,zcrm_361303000000000045,6,2,1,,,
zcrm_361303000000344611,zcrm_361303000000032035,,zcrm_361303000000000045,6,2,3,,,
zcrm_361303000000344617,zcrm_361303000000032035,,zcrm_361303000000000045,1,2,3,,,
zcrm_361303000000344775,zcrm_361303000000032035,,zcrm_361303000000000045,7,2,10,,,
zcrm_361303000000344801,zcrm_361303000000032035,,zcrm_361303000000000045,6,2,2,,,
zcrm_361303000000344821,zcrm_361303000000032035,,zcrm_361303000000000045,6,2,4,,,
zcrm_361303000000344831,zcrm_361303000000032035,,zcrm_361303000000000045,7,2,3,,,
zcrm_361303000000344837,zcrm_361303000000032035,,zcrm_361303000000000045,6,2,6,,,
zcrm_361303000000344843,zcrm_361303000000032035,,zcrm_361303000000000045,7,2,5,,,
zcrm_361303000000344849,zcrm_361303000000032035,,zcrm_361303000000000045,7,2,6,,,
zcrm_361303000000344865,zcrm_361303000000032035,,zcrm_361303000000000045,6,2,8,,,
zcrm_361303000000344871,zcrm_361303000000032035,,zcrm_361303000000000045,7,2,7,,,
zcrm_361303000000344877,zcrm_361303000000032035,,zcrm_361303000000000045,6,2,7,,,
zcrm_361303000000344891,zcrm_361303000000032035,,zcrm_361303000000000045,7,2,8,,,
zcrm_361303000000344897,zcrm_361303000000032035,,zcrm_361303000000000045,6,2,10,,,
zcrm_361303000000344993,zcrm_361303000000032035,,zcrm_361303000000000045,8,2,3,,false,false
zcrm_361303000000344999,zcrm_361303000000032035,,zcrm_361303000000000045,9,2,3,,,
zcrm_361303000000347005,zcrm_361303000000032035,,zcrm_361303000000000045,9,2,2,,,
zcrm_361303000000347011,zcrm_361303000000032035,,zcrm_361303000000000045,8,2,5,,,
zcrm_361303000000347017,zcrm_361303000000032035,,zcrm_361303000000000045,9,2,5,,,
zcrm_361303000000347023,zcrm_361303000000032035,,zcrm_361303000000000045,8,2,4,,,
zcrm_361303000000347029,zcrm_361303000000032035,,zcrm_361303000000000045,9,2,4,,,
zcrm_361303000000347035,zcrm_361303000000032035,,zcrm_361303000000000045,8,2,7,,,
zcrm_361303000000347041,zcrm_361303000000032035,,zcrm_361303000000000045,9,2,7,,,
zcrm_361303000000347047,zcrm_361303000000032035,,zcrm_361303000000000045,8,2,6,,,
zcrm_361303000000347053,zcrm_361303000000032035,,zcrm_361303000000000045,9,2,6,,,
zcrm_361303000000347059,zcrm_361303000000032035,,zcrm_361303000000000045,8,2,9,,,
zcrm_361303000000347065,zcrm_361303000000032035,,zcrm_361303000000000045,9,2,10,,,
zcrm_361303000000347071,zcrm_361303000000032035,,zcrm_361303000000000045,8,2,10,,,
zcrm_361303000000347081,zcrm_361303000000032035,,zcrm_361303000000000045,9,2,8,,,
zcrm_361303000000347087,zcrm_361303000000032035,,zcrm_361303000000000045,8,2,11,,,
zcrm_361303000000347093,zcrm_361303000000032035,,zcrm_361303000000000045,9,2,14,,,
zcrm_361303000000347099,zcrm_361303000000032035,,zcrm_361303000000000045,8,2,12,,,
zcrm_361303000000347105,zcrm_361303000000032035,,zcrm_361303000000000045,9,2,12,,,
zcrm_361303000000347111,zcrm_361303000000032035,,zcrm_361303000000000045,8,2,2,,,
zcrm_361303000000347121,zcrm_361303000000032035,,zcrm_361303000000000045,8,2,1,,,
zcrm_361303000000347137,zcrm_361303000000032035,,zcrm_361303000000000045,9,2,1,,,
zcrm_361303000000347149,zcrm_361303000000032035,,zcrm_361303000000000045,10,2,11,,,
zcrm_361303000000347155,zcrm_361303000000032035,,zcrm_361303000000000045,10,2,8,,,
zcrm_361303000000347161,zcrm_361303000000032035,,zcrm_361303000000000045,10,2,13,,,
zcrm_361303000000347167,zcrm_361303000000032035,,zcrm_361303000000000045,9,2,13,,,
zcrm_361303000000347181,zcrm_361303000000032035,,zcrm_361303000000000045,10,2,10,,,
zcrm_361303000000347187,zcrm_361303000000032035,,zcrm_361303000000000045,10,2,2,,,
zcrm_361303000000347193,zcrm_361303000000032035,,zcrm_361303000000000045,10,2,1,,,
zcrm_361303000000347207,zcrm_361303000000032035,,zcrm_361303000000000045,3,2,1,,,
zcrm_361303000000347213,zcrm_361303000000032035,,zcrm_361303000000000045,10,2,4,,,
zcrm_361303000000347219,zcrm_361303000000032035,,zcrm_361303000000000045,10,2,3,,,
zcrm_361303000000347233,zcrm_361303000000032035,,zcrm_361303000000000045,9,2,9,,,
zcrm_361303000000347253,zcrm_361303000000032035,,zcrm_361303000000000045,10,2,6,,,
zcrm_361303000000347259,zcrm_361303000000032035,,zcrm_361303000000000045,10,2,7,,,
zcrm_361303000000347265,zcrm_361303000000032035,,zcrm_361303000000000045,9,2,11,,,
zcrm_361303000000347279,zcrm_361303000000032035,,zcrm_361303000000000045,10,2,9,,,
zcrm_361303000000394419,zcrm_361303000000032035,,zcrm_361303000000000045,11,2,1,"If(1<0,${Accounts.Account Name},${Accounts.Account Name})",,
zcrm_361303000000400239,zcrm_361303000000032035,,zcrm_361303000000000045,10,2,5,,,
zcrm_361303000001671025,zcrm_361303000000032035,,zcrm_361303000000000045,7,2,11,,,
zcrm_361303000001671031,zcrm_361303000000032035,,zcrm_361303000000000045,7,2,12,,,
zcrm_361303000001671037,zcrm_361303000000032035,,zcrm_361303000000000045,7,2,4,,,
zcrm_361303000001671043,zcrm_361303000000032035,,zcrm_361303000000000045,8,2,13,,,
zcrm_361303000001671049,zcrm_361303000000032035,,zcrm_361303000000000045,8,2,8,,,
zcrm_361303000001860046,zcrm_361303000000032035,,zcrm_361303000000000045,1,2,24,,,
zcrm_361303000002059062,zcrm_361303000000032035,,zcrm_361303000000000045,1,2,14,,,
zcrm_361303000002132009,zcrm_361303000000032035,,zcrm_361303000000000045,1,2,23,,,
zcrm_361303000002132012,zcrm_361303000000032035,,zcrm_361303000000000045,1,2,23,,,
zcrm_361303000000000447,zcrm_361303000000032039,,zcrm_361303000000000047,1,2,2,,,
zcrm_361303000000000451,zcrm_361303000000032039,,zcrm_361303000000000047,1,2,1,,,
zcrm_361303000000000453,zcrm_361303000000032039,,zcrm_361303000000000047,1,2,3,,,
zcrm_361303000000000455,zcrm_361303000000032039,,zcrm_361303000000000047,1,2,3,,,
zcrm_361303000000000463,zcrm_361303000000032039,,zcrm_361303000000000047,1,2,9,,,
zcrm_361303000000000499,zcrm_361303000000032039,,zcrm_361303000000000047,1,2,5,,,
zcrm_361303000000000501,zcrm_361303000000032039,,zcrm_361303000000000047,1,2,1,,,
zcrm_361303000000000507,zcrm_361303000000032039,,zcrm_361303000000000047,1,2,31,,,
zcrm_361303000000000509,zcrm_361303000000032039,,zcrm_361303000000000047,1,2,32,,,
zcrm_361303000000000511,zcrm_361303000000032039,,zcrm_361303000000000047,1,2,7,,,
zcrm_361303000000000535,zcrm_361303000000032039,,zcrm_361303000000000047,3,2,1,,,
zcrm_361303000000036017,zcrm_361303000000032039,,zcrm_361303000000000047,1,2,15,,,
zcrm_361303000000057013,zcrm_361303000000032039,,zcrm_361303000000000047,4,2,1,,,
zcrm_361303000000057015,zcrm_361303000000032039,,zcrm_361303000000000047,4,2,3,,,
zcrm_361303000000057017,zcrm_361303000000032039,,zcrm_361303000000000047,4,2,5,,,
zcrm_361303000000058013,zcrm_361303000000032039,,zcrm_361303000000000047,4,2,4,,,
zcrm_361303000000058015,zcrm_361303000000032039,,zcrm_361303000000000047,4,2,2,,,
zcrm_361303000000058017,zcrm_361303000000032039,,zcrm_361303000000000047,4,2,6,,,
zcrm_361303000000058019,zcrm_361303000000032039,,zcrm_361303000000000047,1,2,35,,,
zcrm_361303000000069035,zcrm_361303000000032039,,zcrm_361303000000000047,1,2,4,,,
zcrm_361303000000119001,zcrm_361303000000032039,,zcrm_361303000000000047,1,2,6,,,
zcrm_361303000000119003,zcrm_361303000000032039,,zcrm_361303000000000047,1,2,7,,,
zcrm_361303000000119005,zcrm_361303000000032039,,zcrm_361303000000000047,1,2,8,,,
zcrm_361303000000129017,zcrm_361303000000032039,,zcrm_361303000000000047,1,2,35,,,
zcrm_361303000000129019,zcrm_361303000000032039,,zcrm_361303000000000047,1,2,36,,,
zcrm_361303000000129021,zcrm_361303000000032039,,zcrm_361303000000000047,1,2,37,,,
zcrm_361303000000129023,zcrm_361303000000032039,,zcrm_361303000000000047,1,2,38,,,
zcrm_361303000000168702,zcrm_361303000000032039,,zcrm_361303000000000047,1,2,45,,,
zcrm_361303000000168704,zcrm_361303000000032039,,zcrm_361303000000000047,1,2,46,,,
zcrm_361303000000224022,zcrm_361303000000032039,,zcrm_361303000000000047,1,2,9,,,
zcrm_361303000000224023,zcrm_361303000000032039,,zcrm_361303000000000047,1,2,8,,,
zcrm_361303000000240002,zcrm_361303000000032039,,zcrm_361303000000000047,1,2,48,,,
zcrm_361303000000260014,zcrm_361303000000032039,,zcrm_361303000000000047,1,2,48,,,
zcrm_361303000000534353,zcrm_361303000000032039,,zcrm_361303000000000047,1,2,6,,,true
zcrm_361303000001860050,zcrm_361303000000032039,,zcrm_361303000000000047,1,2,50,,,
zcrm_361303000002132008,zcrm_361303000000032039,,zcrm_361303000000000047,1,2,49,,,
zcrm_361303000002132011,zcrm_361303000000032039,,zcrm_361303000000000047,1,2,49,,,
zcrm_361303000000000537,zcrm_361303000000032043,,zcrm_361303000000000049,1,2,1,,,
zcrm_361303000000000539,zcrm_361303000000032043,,zcrm_361303000000000049,1,2,2,,,
zcrm_361303000000000541,zcrm_361303000000032043,,zcrm_361303000000000049,1,2,3,,,
zcrm_361303000000000543,zcrm_361303000000032043,,zcrm_361303000000000049,1,2,4,,,true
zcrm_361303000000000545,zcrm_361303000000032043,,zcrm_361303000000000049,1,2,5,,,true
zcrm_361303000000000547,zcrm_361303000000032043,,zcrm_361303000000000049,1,2,6,,,
zcrm_361303000000000549,zcrm_361303000000032043,,zcrm_361303000000000049,1,2,7,,,
zcrm_361303000000000551,zcrm_361303000000032043,,zcrm_361303000000000049,1,2,8,,,
zcrm_361303000000000553,zcrm_361303000000032043,,zcrm_361303000000000049,1,2,9,,,
zcrm_361303000000000555,zcrm_361303000000032043,,zcrm_361303000000000049,1,2,10,,,
zcrm_361303000000000557,zcrm_361303000000032043,,zcrm_361303000000000049,1,2,11,,,
zcrm_361303000000000559,zcrm_361303000000032043,,zcrm_361303000000000049,1,2,12,,,
zcrm_361303000000000561,zcrm_361303000000032043,,zcrm_361303000000000049,1,2,13,,,
zcrm_361303000000000563,zcrm_361303000000032043,,zcrm_361303000000000049,1,2,14,,,
zcrm_361303000000000565,zcrm_361303000000032043,,zcrm_361303000000000049,1,2,15,,,
zcrm_361303000000000567,zcrm_361303000000032043,,zcrm_361303000000000049,1,2,16,,,
zcrm_361303000000000569,zcrm_361303000000032043,,zcrm_361303000000000049,1,2,17,,,
zcrm_361303000000000571,zcrm_361303000000032043,,zcrm_361303000000000049,1,2,18,,,
zcrm_361303000000000573,zcrm_361303000000032043,,zcrm_361303000000000049,1,2,19,,,
zcrm_361303000000000575,zcrm_361303000000032043,,zcrm_361303000000000049,1,2,20,,,
zcrm_361303000000000577,zcrm_361303000000032043,,zcrm_361303000000000049,1,2,21,,,
zcrm_361303000000000579,zcrm_361303000000032043,,zcrm_361303000000000049,1,2,22,,,
zcrm_361303000000000581,zcrm_361303000000032043,,zcrm_361303000000000049,1,2,23,,,
zcrm_361303000000000583,zcrm_361303000000032043,,zcrm_361303000000000049,1,2,24,,,
zcrm_361303000000000585,zcrm_361303000000032043,,zcrm_361303000000000049,2,2,1,,,
zcrm_361303000000036021,zcrm_361303000000032043,,zcrm_361303000000000049,1,2,15,,,
zcrm_361303000000057019,zcrm_361303000000032043,,zcrm_361303000000000049,3,2,1,,,
zcrm_361303000000057021,zcrm_361303000000032043,,zcrm_361303000000000049,3,2,3,,,
zcrm_361303000000057023,zcrm_361303000000032043,,zcrm_361303000000000049,3,2,5,,,
zcrm_361303000000058021,zcrm_361303000000032043,,zcrm_361303000000000049,3,2,4,,,
zcrm_361303000000058023,zcrm_361303000000032043,,zcrm_361303000000000049,3,2,2,,,
zcrm_361303000000058025,zcrm_361303000000032043,,zcrm_361303000000000049,3,2,6,,,
zcrm_361303000000069061,zcrm_361303000000032043,,zcrm_361303000000000049,1,2,16,,,
zcrm_361303000000119013,zcrm_361303000000032043,,zcrm_361303000000000049,1,2,17,,,
zcrm_361303000000119015,zcrm_361303000000032043,,zcrm_361303000000000049,1,2,18,,,
zcrm_361303000000119017,zcrm_361303000000032043,,zcrm_361303000000000049,1,2,19,,,
zcrm_361303000000129025,zcrm_361303000000032043,,zcrm_361303000000000049,1,2,17,,,
zcrm_361303000000129027,zcrm_361303000000032043,,zcrm_361303000000000049,1,2,18,,,
zcrm_361303000000129029,zcrm_361303000000032043,,zcrm_361303000000000049,1,2,19,,,
zcrm_361303000000129031,zcrm_361303000000032043,,zcrm_361303000000000049,1,2,20,,,
zcrm_361303000000168710,zcrm_361303000000032043,,zcrm_361303000000000049,1,2,30,,,
zcrm_361303000000240004,zcrm_361303000000032043,,zcrm_361303000000000049,1,2,30,,,
zcrm_361303000000260011,zcrm_361303000000032043,,zcrm_361303000000000049,1,2,30,,,
zcrm_361303000001860052,zcrm_361303000000032043,,zcrm_361303000000000049,1,2,31,,,
zcrm_361303000000002069,zcrm_361303000000032045,,zcrm_361303000000000109,1,2,2,,,
zcrm_361303000000002071,zcrm_361303000000032045,,zcrm_361303000000000109,1,2,3,,,
zcrm_361303000000002073,zcrm_361303000000032045,,zcrm_361303000000000109,1,2,4,,,
zcrm_361303000000002075,zcrm_361303000000032045,,zcrm_361303000000000109,1,2,5,,,
zcrm_361303000000002077,zcrm_361303000000032045,,zcrm_361303000000000109,1,2,6,,,
zcrm_361303000000002079,zcrm_361303000000032045,,zcrm_361303000000000109,1,2,7,,,
zcrm_361303000000002081,zcrm_361303000000032045,,zcrm_361303000000000109,1,2,8,,,
zcrm_361303000000002083,zcrm_361303000000032045,,zcrm_361303000000000109,1,2,9,,,
zcrm_361303000000002085,zcrm_361303000000032045,,zcrm_361303000000000109,1,2,10,,,
zcrm_361303000000002087,zcrm_361303000000032045,,zcrm_361303000000000109,1,2,11,,,
zcrm_361303000000002089,zcrm_361303000000032045,,zcrm_361303000000000109,1,2,1,,,
zcrm_361303000000002091,zcrm_361303000000032045,,zcrm_361303000000000109,1,2,12,,,
zcrm_361303000000002093,zcrm_361303000000032045,,zcrm_361303000000000109,1,2,13,,,
zcrm_361303000000002097,zcrm_361303000000032045,,zcrm_361303000000000109,1,2,15,,,
zcrm_361303000000002099,zcrm_361303000000032045,,zcrm_361303000000000109,6,2,2,SUM(${PurchaseItems.Total}),,
zcrm_361303000000002101,zcrm_361303000000032045,,zcrm_361303000000000109,6,2,3,,,
zcrm_361303000000002103,zcrm_361303000000032045,,zcrm_361303000000000109,6,2,4,,,
zcrm_361303000000002105,zcrm_361303000000032045,,zcrm_361303000000000109,6,2,5,,,
zcrm_361303000000002107,zcrm_361303000000032045,,zcrm_361303000000000109,6,2,6,${PurchaseOrders.Sub Total}-${PurchaseOrders.Discount}+${PurchaseOrders.Tax}+${PurchaseOrders.Adjustment},,
zcrm_361303000000002109,zcrm_361303000000032045,,zcrm_361303000000000109,1,2,21,,,
zcrm_361303000000002111,zcrm_361303000000032045,,zcrm_361303000000000109,1,2,22,,,
zcrm_361303000000002113,zcrm_361303000000032045,,zcrm_361303000000000109,1,2,23,,,
zcrm_361303000000002115,zcrm_361303000000032045,,zcrm_361303000000000109,2,2,1,,,
zcrm_361303000000002117,zcrm_361303000000032045,,zcrm_361303000000000109,2,2,2,,,
zcrm_361303000000002119,zcrm_361303000000032045,,zcrm_361303000000000109,2,2,3,,,
zcrm_361303000000002121,zcrm_361303000000032045,,zcrm_361303000000000109,2,2,4,,,
zcrm_361303000000002123,zcrm_361303000000032045,,zcrm_361303000000000109,2,2,5,,,
zcrm_361303000000002125,zcrm_361303000000032045,,zcrm_361303000000000109,2,2,6,,,
zcrm_361303000000002127,zcrm_361303000000032045,,zcrm_361303000000000109,2,2,7,,,
zcrm_361303000000002129,zcrm_361303000000032045,,zcrm_361303000000000109,2,2,8,,,
zcrm_361303000000002131,zcrm_361303000000032045,,zcrm_361303000000000109,2,2,9,,,
zcrm_361303000000002133,zcrm_361303000000032045,,zcrm_361303000000000109,2,2,10,,,
zcrm_361303000000002135,zcrm_361303000000032045,,zcrm_361303000000000109,3,2,1,,,
zcrm_361303000000002137,zcrm_361303000000032045,,zcrm_361303000000000109,4,2,8,,,
zcrm_361303000000002139,zcrm_361303000000032045,,zcrm_361303000000000109,5,2,8,,,
zcrm_361303000000036023,zcrm_361303000000032045,,zcrm_361303000000000109,1,2,15,,,
zcrm_361303000000069033,zcrm_361303000000032045,,zcrm_361303000000000109,1,2,16,,,
zcrm_361303000000129129,zcrm_361303000000032045,,zcrm_361303000000000109,1,2,17,,,
zcrm_361303000000129131,zcrm_361303000000032045,,zcrm_361303000000000109,1,2,18,,,
zcrm_361303000000129133,zcrm_361303000000032045,,zcrm_361303000000000109,1,2,19,,,
zcrm_361303000000129135,zcrm_361303000000032045,,zcrm_361303000000000109,1,2,20,,,
zcrm_361303000000174665,zcrm_361303000000032045,,zcrm_361303000000000109,6,2,1,,,
zcrm_361303000000240009,zcrm_361303000000032045,,zcrm_361303000000000109,1,2,23,,,
zcrm_361303000001860044,zcrm_361303000000032045,,zcrm_361303000000000109,1,2,24,,,
zcrm_361303000000000991,zcrm_361303000000032047,,zcrm_361303000000000107,1,2,2,,,
zcrm_361303000000000993,zcrm_361303000000032047,,zcrm_361303000000000107,1,2,3,,,
zcrm_361303000000000995,zcrm_361303000000032047,,zcrm_361303000000000107,1,2,4,,,
zcrm_361303000000000997,zcrm_361303000000032047,,zcrm_361303000000000107,1,2,5,,,
zcrm_361303000000000999,zcrm_361303000000032047,,zcrm_361303000000000107,1,2,6,,,
zcrm_361303000000002001,zcrm_361303000000032047,,zcrm_361303000000000107,1,2,7,,,
zcrm_361303000000002003,zcrm_361303000000032047,,zcrm_361303000000000107,1,2,8,,,
zcrm_361303000000002005,zcrm_361303000000032047,,zcrm_361303000000000107,1,2,9,,,
zcrm_361303000000002007,zcrm_361303000000032047,,zcrm_361303000000000107,1,2,10,,,
zcrm_361303000000002009,zcrm_361303000000032047,,zcrm_361303000000000107,1,2,11,,,
zcrm_361303000000002011,zcrm_361303000000032047,,zcrm_361303000000000107,1,2,12,,,
zcrm_361303000000002013,zcrm_361303000000032047,,zcrm_361303000000000107,1,2,13,,,
zcrm_361303000000002015,zcrm_361303000000032047,,zcrm_361303000000000107,1,2,14,,,true
zcrm_361303000000002017,zcrm_361303000000032047,,zcrm_361303000000000107,1,2,1,,,
zcrm_361303000000002019,zcrm_361303000000032047,,zcrm_361303000000000107,1,2,15,,,
zcrm_361303000000002021,zcrm_361303000000032047,,zcrm_361303000000000107,1,2,16,,,
zcrm_361303000000002023,zcrm_361303000000032047,,zcrm_361303000000000107,1,2,17,,,
zcrm_361303000000002025,zcrm_361303000000032047,,zcrm_361303000000000107,1,2,18,,,
zcrm_361303000000002027,zcrm_361303000000032047,,zcrm_361303000000000107,6,2,2,SUM(${OrderedItems.Total}),,
zcrm_361303000000002029,zcrm_361303000000032047,,zcrm_361303000000000107,6,2,3,,,
zcrm_361303000000002031,zcrm_361303000000032047,,zcrm_361303000000000107,6,2,4,,,
zcrm_361303000000002033,zcrm_361303000000032047,,zcrm_361303000000000107,6,2,5,,,
zcrm_361303000000002035,zcrm_361303000000032047,,zcrm_361303000000000107,6,2,6,${SalesOrders.Sub Total}-${SalesOrders.Discount}+${SalesOrders.Tax}+${SalesOrders.Adjustment},,
zcrm_361303000000002037,zcrm_361303000000032047,,zcrm_361303000000000107,1,2,24,,,
zcrm_361303000000002039,zcrm_361303000000032047,,zcrm_361303000000000107,1,2,25,,,
zcrm_361303000000002041,zcrm_361303000000032047,,zcrm_361303000000000107,1,2,26,,,
zcrm_361303000000002043,zcrm_361303000000032047,,zcrm_361303000000000107,2,2,1,,,
zcrm_361303000000002045,zcrm_361303000000032047,,zcrm_361303000000000107,2,2,2,,,
zcrm_361303000000002047,zcrm_361303000000032047,,zcrm_361303000000000107,2,2,3,,,
zcrm_361303000000002049,zcrm_361303000000032047,,zcrm_361303000000000107,2,2,4,,,
zcrm_361303000000002051,zcrm_361303000000032047,,zcrm_361303000000000107,2,2,5,,,
zcrm_361303000000002053,zcrm_361303000000032047,,zcrm_361303000000000107,2,2,6,,,
zcrm_361303000000002055,zcrm_361303000000032047,,zcrm_361303000000000107,2,2,7,,,
zcrm_361303000000002057,zcrm_361303000000032047,,zcrm_361303000000000107,2,2,8,,,
zcrm_361303000000002059,zcrm_361303000000032047,,zcrm_361303000000000107,2,2,9,,,
zcrm_361303000000002061,zcrm_361303000000032047,,zcrm_361303000000000107,2,2,10,,,
zcrm_361303000000002063,zcrm_361303000000032047,,zcrm_361303000000000107,3,2,1,,,
zcrm_361303000000002065,zcrm_361303000000032047,,zcrm_361303000000000107,4,2,8,,,
zcrm_361303000000002067,zcrm_361303000000032047,,zcrm_361303000000000107,5,2,8,,,
zcrm_361303000000036025,zcrm_361303000000032047,,zcrm_361303000000000107,1,2,15,,,
zcrm_361303000000069043,zcrm_361303000000032047,,zcrm_361303000000000107,1,2,16,,,
zcrm_361303000000129121,zcrm_361303000000032047,,zcrm_361303000000000107,1,2,17,,,
zcrm_361303000000129123,zcrm_361303000000032047,,zcrm_361303000000000107,1,2,18,,,
zcrm_361303000000129125,zcrm_361303000000032047,,zcrm_361303000000000107,1,2,19,,,
zcrm_361303000000129127,zcrm_361303000000032047,,zcrm_361303000000000107,1,2,20,,,
zcrm_361303000000175083,zcrm_361303000000032047,,zcrm_361303000000000107,6,2,1,,,
zcrm_361303000000240008,zcrm_361303000000032047,,zcrm_361303000000000107,1,2,26,,,
zcrm_361303000001860040,zcrm_361303000000032047,,zcrm_361303000000000107,1,2,27,,,
zcrm_361303000000000127,zcrm_361303000000032051,,zcrm_361303000000000061,1,2,1,,,
zcrm_361303000000000129,zcrm_361303000000032051,,zcrm_361303000000000061,1,2,2,,,
zcrm_361303000000000131,zcrm_361303000000032051,,zcrm_361303000000000061,1,2,3,,,
zcrm_361303000000000133,zcrm_361303000000032051,,zcrm_361303000000000061,1,2,7,,,
zcrm_361303000000000137,zcrm_361303000000032051,,zcrm_361303000000000061,1,2,11,,,
zcrm_361303000000000139,zcrm_361303000000032051,,zcrm_361303000000000061,1,2,12,,,
zcrm_361303000000000141,zcrm_361303000000032051,,zcrm_361303000000000061,1,2,13,,,
zcrm_361303000000000143,zcrm_361303000000032051,,zcrm_361303000000000061,1,2,14,,,
zcrm_361303000000000145,zcrm_361303000000032051,,zcrm_361303000000000061,2,2,1,,,
zcrm_361303000000000147,zcrm_361303000000032051,,zcrm_361303000000000061,2,2,2,,,
zcrm_361303000000000149,zcrm_361303000000032051,,zcrm_361303000000000061,2,2,3,,,
zcrm_361303000000000151,zcrm_361303000000032051,,zcrm_361303000000000061,2,2,5,,,
zcrm_361303000000000153,zcrm_361303000000032051,,zcrm_361303000000000061,2,2,4,,,
zcrm_361303000000000155,zcrm_361303000000032051,,zcrm_361303000000000061,3,2,1,,,
zcrm_361303000000000157,zcrm_361303000000032051,,zcrm_361303000000000061,3,2,2,,,
zcrm_361303000000000159,zcrm_361303000000032051,,zcrm_361303000000000061,3,2,3,,,
zcrm_361303000000075001,zcrm_361303000000032051,,zcrm_361303000000000061,1,2,4,,,
zcrm_361303000000075003,zcrm_361303000000032051,,zcrm_361303000000000061,1,2,15,,,
zcrm_361303000000075005,zcrm_361303000000032051,,zcrm_361303000000000061,1,2,6,,,
zcrm_361303000000075007,zcrm_361303000000032051,,zcrm_361303000000000061,1,2,8,,,
zcrm_361303000000075009,zcrm_361303000000032051,,zcrm_361303000000000061,1,2,9,,,
zcrm_361303000000075011,zcrm_361303000000032051,,zcrm_361303000000000061,1,2,10,,,
zcrm_361303000000075013,zcrm_361303000000032051,,zcrm_361303000000000061,1,2,5,,,
zcrm_361303000000075015,zcrm_361303000000032051,,zcrm_361303000000000061,3,2,4,,,
zcrm_361303000000075017,zcrm_361303000000032051,,zcrm_361303000000000061,3,2,5,,,
zcrm_361303000000075019,zcrm_361303000000032051,,zcrm_361303000000000061,1,2,16,,,
zcrm_361303000000192015,zcrm_361303000000032051,,zcrm_361303000000000061,1,2,16,,,
zcrm_361303000000197009,zcrm_361303000000032051,,zcrm_361303000000000061,1,2,17,,,
zcrm_361303000000197011,zcrm_361303000000032051,,zcrm_361303000000000061,1,2,18,,,
zcrm_361303000000197013,zcrm_361303000000032051,,zcrm_361303000000000061,1,2,19,,,
zcrm_361303000000197015,zcrm_361303000000032051,,zcrm_361303000000000061,1,2,20,,,
zcrm_361303000000197017,zcrm_361303000000032051,,zcrm_361303000000000061,1,2,21,,,
zcrm_361303000000225027,zcrm_361303000000032051,,zcrm_361303000000000061,3,2,6,,,
zcrm_361303000000225029,zcrm_361303000000032051,,zcrm_361303000000000061,3,2,7,,,
zcrm_361303000000225031,zcrm_361303000000032051,,zcrm_361303000000000061,3,2,8,,,
zcrm_361303000000240026,zcrm_361303000000032051,,zcrm_361303000000000061,1,2,21,,,
zcrm_361303000000261003,zcrm_361303000000032051,,zcrm_361303000000000061,3,2,9,,,
zcrm_361303000000261005,zcrm_361303000000032051,,zcrm_361303000000000061,3,2,10,,,
zcrm_361303000000806007,zcrm_361303000000032051,,zcrm_361303000000000061,1,2,22,,,
zcrm_361303000000806009,zcrm_361303000000032051,,zcrm_361303000000000061,1,2,23,,,
zcrm_361303000002360001,zcrm_361303000000032051,,zcrm_361303000000000061,1,2,24,,,
zcrm_361303000000000923,zcrm_361303000000032053,,zcrm_361303000000000105,1,2,2,,,
zcrm_361303000000000925,zcrm_361303000000032053,,zcrm_361303000000000105,1,2,3,,,
zcrm_361303000000000927,zcrm_361303000000032053,,zcrm_361303000000000105,1,2,4,,,
zcrm_361303000000000929,zcrm_361303000000032053,,zcrm_361303000000000105,1,2,5,,,
zcrm_361303000000000931,zcrm_361303000000032053,,zcrm_361303000000000105,1,2,6,,,
zcrm_361303000000000933,zcrm_361303000000032053,,zcrm_361303000000000105,1,2,8,,,
zcrm_361303000000000935,zcrm_361303000000032053,,zcrm_361303000000000105,1,2,9,,,
zcrm_361303000000000937,zcrm_361303000000032053,,zcrm_361303000000000105,1,2,10,,,
zcrm_361303000000000939,zcrm_361303000000032053,,zcrm_361303000000000105,1,2,1,,,
zcrm_361303000000000941,zcrm_361303000000032053,,zcrm_361303000000000105,1,2,11,,,
zcrm_361303000000000943,zcrm_361303000000032053,,zcrm_361303000000000105,1,2,12,,,
zcrm_361303000000000945,zcrm_361303000000032053,,zcrm_361303000000000105,1,2,13,,,
zcrm_361303000000000947,zcrm_361303000000032053,,zcrm_361303000000000105,1,2,14,,,true
zcrm_361303000000000949,zcrm_361303000000032053,,zcrm_361303000000000105,6,2,2,SUM(${QuotedItems.Total}),,
zcrm_361303000000000951,zcrm_361303000000032053,,zcrm_361303000000000105,6,2,3,,,
zcrm_361303000000000953,zcrm_361303000000032053,,zcrm_361303000000000105,6,2,4,,,
zcrm_361303000000000955,zcrm_361303000000032053,,zcrm_361303000000000105,6,2,5,,,
zcrm_361303000000000957,zcrm_361303000000032053,,zcrm_361303000000000105,6,2,6,${Quotes.Sub Total}-${Quotes.Discount}+${Quotes.Tax}+${Quotes.Adjustment},,
zcrm_361303000000000959,zcrm_361303000000032053,,zcrm_361303000000000105,1,2,20,,,
zcrm_361303000000000961,zcrm_361303000000032053,,zcrm_361303000000000105,1,2,21,,,
zcrm_361303000000000963,zcrm_361303000000032053,,zcrm_361303000000000105,1,2,22,,,
zcrm_361303000000000965,zcrm_361303000000032053,,zcrm_361303000000000105,2,2,1,,,
zcrm_361303000000000967,zcrm_361303000000032053,,zcrm_361303000000000105,2,2,2,,,
zcrm_361303000000000969,zcrm_361303000000032053,,zcrm_361303000000000105,2,2,3,,,
zcrm_361303000000000971,zcrm_361303000000032053,,zcrm_361303000000000105,2,2,4,,,
zcrm_361303000000000973,zcrm_361303000000032053,,zcrm_361303000000000105,2,2,5,,,
zcrm_361303000000000975,zcrm_361303000000032053,,zcrm_361303000000000105,2,2,6,,,
zcrm_361303000000000977,zcrm_361303000000032053,,zcrm_361303000000000105,2,2,7,,,
zcrm_361303000000000979,zcrm_361303000000032053,,zcrm_361303000000000105,2,2,8,,,
zcrm_361303000000000981,zcrm_361303000000032053,,zcrm_361303000000000105,2,2,9,,,
zcrm_361303000000000983,zcrm_361303000000032053,,zcrm_361303000000000105,2,2,10,,,
zcrm_361303000000000985,zcrm_361303000000032053,,zcrm_361303000000000105,3,2,1,,,
zcrm_361303000000000987,zcrm_361303000000032053,,zcrm_361303000000000105,4,2,8,,,
zcrm_361303000000000989,zcrm_361303000000032053,,zcrm_361303000000000105,5,2,8,,,
zcrm_361303000000036027,zcrm_361303000000032053,,zcrm_361303000000000105,1,2,15,,,
zcrm_361303000000069039,zcrm_361303000000032053,,zcrm_361303000000000105,1,2,16,,,
zcrm_361303000000129113,zcrm_361303000000032053,,zcrm_361303000000000105,1,2,17,,,
zcrm_361303000000129115,zcrm_361303000000032053,,zcrm_361303000000000105,1,2,18,,,
zcrm_361303000000129117,zcrm_361303000000032053,,zcrm_361303000000000105,1,2,19,,,
zcrm_361303000000129119,zcrm_361303000000032053,,zcrm_361303000000000105,1,2,20,,,
zcrm_361303000000175501,zcrm_361303000000032053,,zcrm_361303000000000105,6,2,1,,,
zcrm_361303000000240007,zcrm_361303000000032053,,zcrm_361303000000000105,1,2,22,,,
zcrm_361303000001860038,zcrm_361303000000032053,,zcrm_361303000000000105,1,2,23,,,
zcrm_361303000000000897,zcrm_361303000000032057,,zcrm_361303000000000103,1,2,1,,,
zcrm_361303000000000899,zcrm_361303000000032057,,zcrm_361303000000000103,1,2,4,,,
zcrm_361303000000000901,zcrm_361303000000032057,,zcrm_361303000000000103,1,2,5,,,
zcrm_361303000000000903,zcrm_361303000000032057,,zcrm_361303000000000103,1,2,6,,,
zcrm_361303000000000905,zcrm_361303000000032057,,zcrm_361303000000000103,1,2,7,,,
zcrm_361303000000000907,zcrm_361303000000032057,,zcrm_361303000000000103,1,2,2,,,
zcrm_361303000000000909,zcrm_361303000000032057,,zcrm_361303000000000103,1,2,3,,true,false
zcrm_361303000000000911,zcrm_361303000000032057,,zcrm_361303000000000103,1,2,4,,,
zcrm_361303000000000913,zcrm_361303000000032057,,zcrm_361303000000000103,1,2,8,,,
zcrm_361303000000000915,zcrm_361303000000032057,,zcrm_361303000000000103,1,2,9,,,
zcrm_361303000000000917,zcrm_361303000000032057,,zcrm_361303000000000103,1,2,10,,,
zcrm_361303000000000919,zcrm_361303000000032057,,zcrm_361303000000000103,2,2,1,,,
zcrm_361303000000000921,zcrm_361303000000032057,,zcrm_361303000000000103,3,2,8,,,
zcrm_361303000000036031,zcrm_361303000000032057,,zcrm_361303000000000103,1,2,15,,,
zcrm_361303000000069047,zcrm_361303000000032057,,zcrm_361303000000000103,1,2,16,,,
zcrm_361303000000129105,zcrm_361303000000032057,,zcrm_361303000000000103,1,2,17,,,
zcrm_361303000000129107,zcrm_361303000000032057,,zcrm_361303000000000103,1,2,18,,,
zcrm_361303000000129109,zcrm_361303000000032057,,zcrm_361303000000000103,1,2,19,,,
zcrm_361303000000129111,zcrm_361303000000032057,,zcrm_361303000000000103,1,2,20,,,
zcrm_361303000000240013,zcrm_361303000000032057,,zcrm_361303000000000103,1,2,20,,,
zcrm_361303000001860036,zcrm_361303000000032057,,zcrm_361303000000000103,1,2,21,,,
zcrm_361303000000000857,zcrm_361303000000032059,,zcrm_361303000000000101,1,2,1,,,
zcrm_361303000000000859,zcrm_361303000000032059,,zcrm_361303000000000101,1,2,2,,,
zcrm_361303000000000863,zcrm_361303000000032059,,zcrm_361303000000000101,1,2,4,,,
zcrm_361303000000000869,zcrm_361303000000032059,,zcrm_361303000000000101,1,2,6,,,
zcrm_361303000000000879,zcrm_361303000000032059,,zcrm_361303000000000101,1,2,8,,,
zcrm_361303000000000881,zcrm_361303000000032059,,zcrm_361303000000000101,1,2,13,,,
zcrm_361303000000000883,zcrm_361303000000032059,,zcrm_361303000000000101,1,2,14,,,
zcrm_361303000000000895,zcrm_361303000000032059,,zcrm_361303000000000101,3,2,8,,,
zcrm_361303000000036033,zcrm_361303000000032059,,zcrm_361303000000000101,1,2,15,,,
zcrm_361303000000069045,zcrm_361303000000032059,,zcrm_361303000000000101,1,2,10,,,
zcrm_361303000000095007,zcrm_361303000000032059,,zcrm_361303000000000101,4,2,1,,,
zcrm_361303000000129097,zcrm_361303000000032059,,zcrm_361303000000000101,1,2,17,,,
zcrm_361303000000129099,zcrm_361303000000032059,,zcrm_361303000000000101,1,2,18,,,
zcrm_361303000000129101,zcrm_361303000000032059,,zcrm_361303000000000101,1,2,19,,,
zcrm_361303000000129103,zcrm_361303000000032059,,zcrm_361303000000000101,1,2,20,,,
zcrm_361303000000240012,zcrm_361303000000032059,,zcrm_361303000000000101,1,2,20,,,
zcrm_361303000000344719,zcrm_361303000000032059,,zcrm_361303000000000101,5,2,1,,,
zcrm_361303000000344725,zcrm_361303000000032059,,zcrm_361303000000000101,5,2,4,,,
zcrm_361303000000344731,zcrm_361303000000032059,,zcrm_361303000000000101,5,2,3,,,
zcrm_361303000000403157,zcrm_361303000000032059,,zcrm_361303000000000101,5,2,2,,,
zcrm_361303000000455973,zcrm_361303000000032059,,zcrm_361303000000000101,1,2,3,,,true
zcrm_361303000001860034,zcrm_361303000000032059,,zcrm_361303000000000101,1,2,21,,,
zcrm_361303000000104005,zcrm_361303000000104003,,zcrm_361303000000104001,1,2,1,,,
zcrm_361303000000104007,zcrm_361303000000104003,,zcrm_361303000000104001,1,2,2,,,
zcrm_361303000000104009,zcrm_361303000000104003,,zcrm_361303000000104001,1,2,3,,,
zcrm_361303000000112005,zcrm_361303000000112003,,zcrm_361303000000112001,1,2,1,,,
zcrm_361303000000112007,zcrm_361303000000112003,,zcrm_361303000000112001,1,2,2,,,
zcrm_361303000000112017,zcrm_361303000000112015,,zcrm_361303000000112013,1,2,1,,,
zcrm_361303000000112019,zcrm_361303000000112015,,zcrm_361303000000112013,1,2,2,,,
zcrm_361303000000112029,zcrm_361303000000112027,,zcrm_361303000000112025,1,2,1,,,
zcrm_361303000000112031,zcrm_361303000000112027,,zcrm_361303000000112025,1,2,2,,,
zcrm_361303000000112041,zcrm_361303000000112039,,zcrm_361303000000112037,1,2,1,,,
zcrm_361303000000112043,zcrm_361303000000112039,,zcrm_361303000000112037,1,2,2,,,
zcrm_361303000000113005,zcrm_361303000000113003,,zcrm_361303000000113001,1,2,1,,,
zcrm_361303000000113007,zcrm_361303000000113003,,zcrm_361303000000113001,1,2,2,,,
zcrm_361303000000113009,zcrm_361303000000113003,,zcrm_361303000000113001,1,2,3,,,
zcrm_361303000000113011,zcrm_361303000000113003,,zcrm_361303000000113001,1,2,4,,,
zcrm_361303000000113013,zcrm_361303000000113003,,zcrm_361303000000113001,1,2,5,,,
zcrm_361303000000113015,zcrm_361303000000113003,,zcrm_361303000000113001,1,2,6,,,
zcrm_361303000000113017,zcrm_361303000000113003,,zcrm_361303000000113001,1,2,7,,,
zcrm_361303000000113019,zcrm_361303000000113003,,zcrm_361303000000113001,1,2,8,,,
zcrm_361303000000113021,zcrm_361303000000113003,,zcrm_361303000000113001,1,2,9,,,
zcrm_361303000000113023,zcrm_361303000000113003,,zcrm_361303000000113001,1,2,10,,,
zcrm_361303000000113025,zcrm_361303000000113003,,zcrm_361303000000113001,1,2,11,,,
zcrm_361303000000139033,zcrm_361303000000113003,,zcrm_361303000000113001,1,2,10,,,
zcrm_361303000000240049,zcrm_361303000000113003,,zcrm_361303000000113001,1,2,11,,,
zcrm_361303000000252005,zcrm_361303000000113003,,zcrm_361303000000113001,1,2,12,,,
zcrm_361303000002751007,zcrm_361303000000113003,,zcrm_361303000000113001,1,2,13,,,
zcrm_361303000000177632,zcrm_361303000000154003,,zcrm_361303000000154001,1,2,1,,,
zcrm_361303000000177634,zcrm_361303000000154003,,zcrm_361303000000154001,1,2,2,,,
zcrm_361303000000177636,zcrm_361303000000154003,,zcrm_361303000000154001,1,2,4,,,
zcrm_361303000000177638,zcrm_361303000000154003,,zcrm_361303000000154001,1,2,5,,,
zcrm_361303000000177640,zcrm_361303000000154003,,zcrm_361303000000154001,1,2,6,,,
zcrm_361303000000177642,zcrm_361303000000154003,,zcrm_361303000000154001,1,2,7,,,
zcrm_361303000000177644,zcrm_361303000000154003,,zcrm_361303000000154001,1,2,8,,,
zcrm_361303000000177646,zcrm_361303000000154003,,zcrm_361303000000154001,1,2,9,,,
zcrm_361303000000177648,zcrm_361303000000154003,,zcrm_361303000000154001,1,2,10,,,
zcrm_361303000000177650,zcrm_361303000000154003,,zcrm_361303000000154001,1,2,11,,,
zcrm_361303000000177652,zcrm_361303000000154003,,zcrm_361303000000154001,1,2,12,,,
zcrm_361303000000240044,zcrm_361303000000154003,,zcrm_361303000000154001,1,2,12,,,
zcrm_361303000000174201,zcrm_361303000000174418,,zcrm_361303000000174001,1,2,1,,,
zcrm_361303000000174203,zcrm_361303000000174418,,zcrm_361303000000174001,1,2,2,,,
zcrm_361303000000174205,zcrm_361303000000174418,,zcrm_361303000000174001,1,2,3,,,
zcrm_361303000000174211,zcrm_361303000000174418,,zcrm_361303000000174001,1,2,6,,,
zcrm_361303000000174213,zcrm_361303000000174418,,zcrm_361303000000174001,1,2,7,,,
zcrm_361303000000174215,zcrm_361303000000174418,,zcrm_361303000000174001,1,2,8,,,
zcrm_361303000000174217,zcrm_361303000000174418,,zcrm_361303000000174001,1,2,9,,,
zcrm_361303000000174219,zcrm_361303000000174418,,zcrm_361303000000174001,1,2,10,,,
zcrm_361303000000174221,zcrm_361303000000174418,,zcrm_361303000000174001,1,2,11,,,
zcrm_361303000000174223,zcrm_361303000000174418,,zcrm_361303000000174001,1,2,12,,,
zcrm_361303000000174225,zcrm_361303000000174418,,zcrm_361303000000174001,1,2,14,,,
zcrm_361303000000174227,zcrm_361303000000174418,,zcrm_361303000000174001,1,2,15,,,
zcrm_361303000000174229,zcrm_361303000000174418,,zcrm_361303000000174001,1,2,16,,,
zcrm_361303000000174231,zcrm_361303000000174418,,zcrm_361303000000174001,1,2,14,,,
zcrm_361303000000174233,zcrm_361303000000174418,,zcrm_361303000000174001,1,2,17,,,
zcrm_361303000000174236,zcrm_361303000000174418,,zcrm_361303000000174001,1,2,18,${InvoicedItems.Quantity}*${InvoicedItems.List Price},,
zcrm_361303000000174238,zcrm_361303000000174418,,zcrm_361303000000174001,1,2,19,,,
zcrm_361303000000174240,zcrm_361303000000174418,,zcrm_361303000000174001,1,2,20,${InvoicedItems.Quantity}*${InvoicedItems.List Price}-${InvoicedItems.Discount},,
zcrm_361303000000174242,zcrm_361303000000174418,,zcrm_361303000000174001,1,2,21,,,
zcrm_361303000000174244,zcrm_361303000000174418,,zcrm_361303000000174001,1,2,22,${InvoicedItems.Quantity}*${InvoicedItems.List Price}-${InvoicedItems.Discount}+${InvoicedItems.Tax},,
zcrm_361303000000174246,zcrm_361303000000174418,,zcrm_361303000000174001,1,2,23,,,
zcrm_361303000000240045,zcrm_361303000000174418,,zcrm_361303000000174001,1,2,23,,,
zcrm_361303000000174619,zcrm_361303000000174836,,zcrm_361303000000174419,1,2,1,,,
zcrm_361303000000174621,zcrm_361303000000174836,,zcrm_361303000000174419,1,2,2,,,
zcrm_361303000000174623,zcrm_361303000000174836,,zcrm_361303000000174419,1,2,3,,,
zcrm_361303000000174629,zcrm_361303000000174836,,zcrm_361303000000174419,1,2,6,,,
zcrm_361303000000174631,zcrm_361303000000174836,,zcrm_361303000000174419,1,2,7,,,
zcrm_361303000000174633,zcrm_361303000000174836,,zcrm_361303000000174419,1,2,8,,,
zcrm_361303000000174635,zcrm_361303000000174836,,zcrm_361303000000174419,1,2,9,,,
zcrm_361303000000174637,zcrm_361303000000174836,,zcrm_361303000000174419,1,2,10,,,
zcrm_361303000000174639,zcrm_361303000000174836,,zcrm_361303000000174419,1,2,11,,,
zcrm_361303000000174641,zcrm_361303000000174836,,zcrm_361303000000174419,1,2,12,,,
zcrm_361303000000174643,zcrm_361303000000174836,,zcrm_361303000000174419,1,2,14,,,
zcrm_361303000000174645,zcrm_361303000000174836,,zcrm_361303000000174419,1,2,15,,,
zcrm_361303000000174647,zcrm_361303000000174836,,zcrm_361303000000174419,1,2,16,,,
zcrm_361303000000174649,zcrm_361303000000174836,,zcrm_361303000000174419,1,2,14,,,
zcrm_361303000000174651,zcrm_361303000000174836,,zcrm_361303000000174419,1,2,17,,,
zcrm_361303000000174654,zcrm_361303000000174836,,zcrm_361303000000174419,1,2,18,${PurchaseItems.Quantity}*${PurchaseItems.List Price},,
zcrm_361303000000174656,zcrm_361303000000174836,,zcrm_361303000000174419,1,2,19,,,
zcrm_361303000000174658,zcrm_361303000000174836,,zcrm_361303000000174419,1,2,20,${PurchaseItems.Quantity}*${PurchaseItems.List Price}-${PurchaseItems.Discount},,
zcrm_361303000000174660,zcrm_361303000000174836,,zcrm_361303000000174419,1,2,21,,,
zcrm_361303000000174662,zcrm_361303000000174836,,zcrm_361303000000174419,1,2,22,${PurchaseItems.Quantity}*${PurchaseItems.List Price}-${PurchaseItems.Discount}+${PurchaseItems.Tax},,
zcrm_361303000000174664,zcrm_361303000000174836,,zcrm_361303000000174419,1,2,23,,,
zcrm_361303000000240046,zcrm_361303000000174836,,zcrm_361303000000174419,1,2,23,,,
zcrm_361303000000175037,zcrm_361303000000175254,,zcrm_361303000000174837,1,2,1,,,
zcrm_361303000000175039,zcrm_361303000000175254,,zcrm_361303000000174837,1,2,2,,,
zcrm_361303000000175041,zcrm_361303000000175254,,zcrm_361303000000174837,1,2,3,,,
zcrm_361303000000175047,zcrm_361303000000175254,,zcrm_361303000000174837,1,2,6,,,
zcrm_361303000000175049,zcrm_361303000000175254,,zcrm_361303000000174837,1,2,7,,,
zcrm_361303000000175051,zcrm_361303000000175254,,zcrm_361303000000174837,1,2,8,,,
zcrm_361303000000175053,zcrm_361303000000175254,,zcrm_361303000000174837,1,2,9,,,
zcrm_361303000000175055,zcrm_361303000000175254,,zcrm_361303000000174837,1,2,10,,,
zcrm_361303000000175057,zcrm_361303000000175254,,zcrm_361303000000174837,1,2,11,,,
zcrm_361303000000175059,zcrm_361303000000175254,,zcrm_361303000000174837,1,2,12,,,
zcrm_361303000000175061,zcrm_361303000000175254,,zcrm_361303000000174837,1,2,14,,,
zcrm_361303000000175063,zcrm_361303000000175254,,zcrm_361303000000174837,1,2,15,,,
zcrm_361303000000175065,zcrm_361303000000175254,,zcrm_361303000000174837,1,2,16,,,
zcrm_361303000000175067,zcrm_361303000000175254,,zcrm_361303000000174837,1,2,14,,,
zcrm_361303000000175069,zcrm_361303000000175254,,zcrm_361303000000174837,1,2,17,,,
zcrm_361303000000175072,zcrm_361303000000175254,,zcrm_361303000000174837,1,2,18,${OrderedItems.Quantity}*${OrderedItems.List Price},,
zcrm_361303000000175074,zcrm_361303000000175254,,zcrm_361303000000174837,1,2,19,,,
zcrm_361303000000175076,zcrm_361303000000175254,,zcrm_361303000000174837,1,2,20,${OrderedItems.Quantity}*${OrderedItems.List Price}-${OrderedItems.Discount},,
zcrm_361303000000175078,zcrm_361303000000175254,,zcrm_361303000000174837,1,2,21,,,
zcrm_361303000000175080,zcrm_361303000000175254,,zcrm_361303000000174837,1,2,22,${OrderedItems.Quantity}*${OrderedItems.List Price}-${OrderedItems.Discount}+${OrderedItems.Tax},,
zcrm_361303000000175082,zcrm_361303000000175254,,zcrm_361303000000174837,1,2,23,,,
zcrm_361303000000240047,zcrm_361303000000175254,,zcrm_361303000000174837,1,2,23,,,
zcrm_361303000000175455,zcrm_361303000000175672,,zcrm_361303000000175255,1,2,1,,,
zcrm_361303000000175457,zcrm_361303000000175672,,zcrm_361303000000175255,1,2,2,,,
zcrm_361303000000175459,zcrm_361303000000175672,,zcrm_361303000000175255,1,2,3,,,
zcrm_361303000000175465,zcrm_361303000000175672,,zcrm_361303000000175255,1,2,6,,,
zcrm_361303000000175467,zcrm_361303000000175672,,zcrm_361303000000175255,1,2,7,,,
zcrm_361303000000175469,zcrm_361303000000175672,,zcrm_361303000000175255,1,2,8,,,
zcrm_361303000000175471,zcrm_361303000000175672,,zcrm_361303000000175255,1,2,9,,,
zcrm_361303000000175473,zcrm_361303000000175672,,zcrm_361303000000175255,1,2,10,,,
zcrm_361303000000175475,zcrm_361303000000175672,,zcrm_361303000000175255,1,2,11,,,
zcrm_361303000000175477,zcrm_361303000000175672,,zcrm_361303000000175255,1,2,12,,,
zcrm_361303000000175479,zcrm_361303000000175672,,zcrm_361303000000175255,1,2,14,,,
zcrm_361303000000175481,zcrm_361303000000175672,,zcrm_361303000000175255,1,2,15,,,
zcrm_361303000000175483,zcrm_361303000000175672,,zcrm_361303000000175255,1,2,16,,,
zcrm_361303000000175485,zcrm_361303000000175672,,zcrm_361303000000175255,1,2,14,,,
zcrm_361303000000175487,zcrm_361303000000175672,,zcrm_361303000000175255,1,2,17,,,
zcrm_361303000000175490,zcrm_361303000000175672,,zcrm_361303000000175255,1,2,18,${QuotedItems.Quantity}*${QuotedItems.List Price},,
zcrm_361303000000175492,zcrm_361303000000175672,,zcrm_361303000000175255,1,2,19,,,
zcrm_361303000000175494,zcrm_361303000000175672,,zcrm_361303000000175255,1,2,20,${QuotedItems.Quantity}*${QuotedItems.List Price}-${QuotedItems.Discount},,
zcrm_361303000000175496,zcrm_361303000000175672,,zcrm_361303000000175255,1,2,21,,,
zcrm_361303000000175498,zcrm_361303000000175672,,zcrm_361303000000175255,1,2,22,${QuotedItems.Quantity}*${QuotedItems.List Price}-${QuotedItems.Discount}+${QuotedItems.Tax},,
zcrm_361303000000175500,zcrm_361303000000175672,,zcrm_361303000000175255,1,2,23,,,
zcrm_361303000000240048,zcrm_361303000000175672,,zcrm_361303000000175255,1,2,23,,,
zcrm_361303000000205018,zcrm_361303000000205024,,zcrm_361303000000205016,1,2,1,,,
zcrm_361303000000274141,zcrm_361303000000274139,,zcrm_361303000000274130,1,2,1,,,
zcrm_361303000000274143,zcrm_361303000000274139,,zcrm_361303000000274130,1,2,2,,,
zcrm_361303000000274145,zcrm_361303000000274139,,zcrm_361303000000274130,1,2,3,,,
zcrm_361303000000274147,zcrm_361303000000274139,,zcrm_361303000000274130,1,2,4,,,
zcrm_361303000000274149,zcrm_361303000000274139,,zcrm_361303000000274130,1,2,5,,,
zcrm_361303000000274151,zcrm_361303000000274139,,zcrm_361303000000274130,1,2,6,,,
zcrm_361303000000274153,zcrm_361303000000274139,,zcrm_361303000000274130,1,2,7,,,
zcrm_361303000000274155,zcrm_361303000000274139,,zcrm_361303000000274130,1,2,8,,,
zcrm_361303000000274157,zcrm_361303000000274139,,zcrm_361303000000274130,1,2,9,,,
zcrm_361303000000274159,zcrm_361303000000274139,,zcrm_361303000000274130,1,2,10,,,
zcrm_361303000000274161,zcrm_361303000000274139,,zcrm_361303000000274130,1,2,11,,,
zcrm_361303000000274744,zcrm_361303000000274139,,zcrm_361303000000274130,2,2,1,,,
zcrm_361303000000274752,zcrm_361303000000274139,,zcrm_361303000000274130,2,2,2,,,
zcrm_361303000000274764,zcrm_361303000000274139,,zcrm_361303000000274130,2,2,3,,,
zcrm_361303000000274774,zcrm_361303000000274139,,zcrm_361303000000274130,3,2,1,,,
zcrm_361303000000274784,zcrm_361303000000274139,,zcrm_361303000000274130,2,2,4,,,
zcrm_361303000000274794,zcrm_361303000000274139,,zcrm_361303000000274130,3,2,2,,,
zcrm_361303000000274804,zcrm_361303000000274139,,zcrm_361303000000274130,2,2,5,,,
zcrm_361303000000274812,zcrm_361303000000274139,,zcrm_361303000000274130,2,2,6,,,
zcrm_361303000000274820,zcrm_361303000000274139,,zcrm_361303000000274130,2,2,7,,,
zcrm_361303000000274834,zcrm_361303000000274139,,zcrm_361303000000274130,3,2,3,,,
zcrm_361303000000274840,zcrm_361303000000274139,,zcrm_361303000000274130,2,2,8,,,
zcrm_361303000000274850,zcrm_361303000000274139,,zcrm_361303000000274130,3,2,4,,,
zcrm_361303000000274860,zcrm_361303000000274139,,zcrm_361303000000274130,2,2,9,,,
zcrm_361303000000274868,zcrm_361303000000274139,,zcrm_361303000000274130,2,2,10,,,
zcrm_361303000000274880,zcrm_361303000000274139,,zcrm_361303000000274130,2,2,11,,,
zcrm_361303000000274890,zcrm_361303000000274139,,zcrm_361303000000274130,3,2,5,,,
zcrm_361303000000274900,zcrm_361303000000274139,,zcrm_361303000000274130,2,2,12,,,
zcrm_361303000000274908,zcrm_361303000000274139,,zcrm_361303000000274130,2,2,13,,,
zcrm_361303000000274920,zcrm_361303000000274139,,zcrm_361303000000274130,2,2,14,,,
zcrm_361303000000274928,zcrm_361303000000274139,,zcrm_361303000000274130,2,2,15,,,
zcrm_361303000000274940,zcrm_361303000000274139,,zcrm_361303000000274130,2,2,16,,,
zcrm_361303000000274950,zcrm_361303000000274139,,zcrm_361303000000274130,3,2,6,,,
zcrm_361303000000274960,zcrm_361303000000274139,,zcrm_361303000000274130,2,2,17,,,
zcrm_361303000000274968,zcrm_361303000000274139,,zcrm_361303000000274130,2,2,18,,,
zcrm_361303000000274980,zcrm_361303000000274139,,zcrm_361303000000274130,2,2,19,,,
zcrm_361303000000274988,zcrm_361303000000274139,,zcrm_361303000000274130,2,2,20,,,
zcrm_361303000000275000,zcrm_361303000000274139,,zcrm_361303000000274130,2,2,21,,,
zcrm_361303000000275008,zcrm_361303000000274139,,zcrm_361303000000274130,2,2,22,,,
zcrm_361303000000275020,zcrm_361303000000274139,,zcrm_361303000000274130,2,2,23,,,
zcrm_361303000000275028,zcrm_361303000000274139,,zcrm_361303000000274130,2,2,24,,,
zcrm_361303000000275040,zcrm_361303000000274139,,zcrm_361303000000274130,2,2,25,,,
zcrm_361303000000275048,zcrm_361303000000274139,,zcrm_361303000000274130,2,2,26,,,
zcrm_361303000000275056,zcrm_361303000000274139,,zcrm_361303000000274130,2,2,27,,,
zcrm_361303000000275070,zcrm_361303000000274139,,zcrm_361303000000274130,3,2,7,,,
zcrm_361303000000275076,zcrm_361303000000274139,,zcrm_361303000000274130,2,2,28,,,
zcrm_361303000000275084,zcrm_361303000000274139,,zcrm_361303000000274130,2,2,29,,,
zcrm_361303000000275107,zcrm_361303000000274139,,zcrm_361303000000274130,3,2,8,,,
zcrm_361303000000275144,zcrm_361303000000275142,,zcrm_361303000000275133,1,2,1,,,
zcrm_361303000000275146,zcrm_361303000000275142,,zcrm_361303000000275133,1,2,2,,,
zcrm_361303000000275148,zcrm_361303000000275142,,zcrm_361303000000275133,1,2,3,,,
zcrm_361303000000275150,zcrm_361303000000275142,,zcrm_361303000000275133,1,2,4,,,
zcrm_361303000000275152,zcrm_361303000000275142,,zcrm_361303000000275133,1,2,5,,,
zcrm_361303000000275154,zcrm_361303000000275142,,zcrm_361303000000275133,1,2,6,,,
zcrm_361303000000275156,zcrm_361303000000275142,,zcrm_361303000000275133,1,2,7,,,
zcrm_361303000000275158,zcrm_361303000000275142,,zcrm_361303000000275133,1,2,8,,,
zcrm_361303000000275160,zcrm_361303000000275142,,zcrm_361303000000275133,1,2,9,,,
zcrm_361303000000275162,zcrm_361303000000275142,,zcrm_361303000000275133,1,2,10,,,
zcrm_361303000000275164,zcrm_361303000000275142,,zcrm_361303000000275133,1,2,11,,,
zcrm_361303000000275655,zcrm_361303000000275142,,zcrm_361303000000275133,2,2,1,,,
zcrm_361303000000275663,zcrm_361303000000275142,,zcrm_361303000000275133,2,2,2,,,
zcrm_361303000000275767,zcrm_361303000000275142,,zcrm_361303000000275133,2,2,3,,,
zcrm_361303000000275775,zcrm_361303000000275142,,zcrm_361303000000275133,2,2,4,,,
zcrm_361303000000275787,zcrm_361303000000275142,,zcrm_361303000000275133,2,2,5,,,
zcrm_361303000000275795,zcrm_361303000000275142,,zcrm_361303000000275133,2,2,6,,,
zcrm_361303000000275807,zcrm_361303000000275142,,zcrm_361303000000275133,2,2,7,,,
zcrm_361303000000275815,zcrm_361303000000275142,,zcrm_361303000000275133,2,2,8,,,
zcrm_361303000000275827,zcrm_361303000000275142,,zcrm_361303000000275133,2,2,9,,,
zcrm_361303000000275837,zcrm_361303000000275142,,zcrm_361303000000275133,2,2,10,,,
zcrm_361303000000275845,zcrm_361303000000275142,,zcrm_361303000000275133,2,2,11,,,
zcrm_361303000000275857,zcrm_361303000000275142,,zcrm_361303000000275133,2,2,12,,,
zcrm_361303000000275865,zcrm_361303000000275142,,zcrm_361303000000275133,2,2,13,,,
zcrm_361303000000275877,zcrm_361303000000275142,,zcrm_361303000000275133,2,2,14,,,
zcrm_361303000000275885,zcrm_361303000000275142,,zcrm_361303000000275133,2,2,15,,,
zcrm_361303000000275903,zcrm_361303000000275142,,zcrm_361303000000275133,2,2,16,,,
zcrm_361303000000275913,zcrm_361303000000275142,,zcrm_361303000000275133,2,2,17,,,
zcrm_361303000000275923,zcrm_361303000000275142,,zcrm_361303000000275133,2,2,18,,,
zcrm_361303000000275933,zcrm_361303000000275142,,zcrm_361303000000275133,2,2,19,,,
zcrm_361303000000275943,zcrm_361303000000275142,,zcrm_361303000000275133,2,2,20,,,
zcrm_361303000000275953,zcrm_361303000000275142,,zcrm_361303000000275133,3,2,1,,,
zcrm_361303000000275963,zcrm_361303000000275142,,zcrm_361303000000275133,2,2,21,,,
zcrm_361303000000275973,zcrm_361303000000275142,,zcrm_361303000000275133,2,2,22,,,
zcrm_361303000000275981,zcrm_361303000000275142,,zcrm_361303000000275133,2,2,23,,,
zcrm_361303000000275993,zcrm_361303000000275142,,zcrm_361303000000275133,2,2,24,,,
zcrm_361303000000276001,zcrm_361303000000275142,,zcrm_361303000000275133,2,2,25,,,
zcrm_361303000000276013,zcrm_361303000000275142,,zcrm_361303000000275133,2,2,26,,,
zcrm_361303000000276021,zcrm_361303000000275142,,zcrm_361303000000275133,2,2,27,,,
zcrm_361303000000276083,zcrm_361303000000275142,,zcrm_361303000000275133,3,2,2,,,
zcrm_361303000000276091,zcrm_361303000000275142,,zcrm_361303000000275133,3,2,3,,,
zcrm_361303000000276099,zcrm_361303000000275142,,zcrm_361303000000275133,3,2,4,,,
zcrm_361303000000276107,zcrm_361303000000275142,,zcrm_361303000000275133,3,2,5,,,
zcrm_361303000000276125,zcrm_361303000000275142,,zcrm_361303000000275133,3,2,6,,,
zcrm_361303000000276141,zcrm_361303000000275142,,zcrm_361303000000275133,3,2,7,,,
